gene_name_norm,coefficient,model_importance,importance_type,gdc_abs_log2_fc,gdc_neg_log10_p,gdc_neg_log10_fdr,sample_prevalence_score,expression_evidence_score,network_context_score,geo_component_score,de_priority_gate,degree_gene,weighted_degree_gene,pagerank,betweenness_centrality,pca_1,pca_2,cluster_id,target_score_raw,target_penalty_reason,target_penalty_factor,target_score,target_rank,evidence_level,model_importance_rank
PLA2G4E,0.02322801408326293,0.02322801408326293,absolute_coefficient,0.10940161065222807,0.031107383892133054,0.025846913250005942,0.5880758807588076,0.017879881273840346,0.02503494519349586,0.2,0.2,406.0,125.67200000000001,3.9308022690104024e-05,0.0,-0.9465608319147175,-1.1864153623320701,2,0.0708756627652816,none,1.0,0.0708756627652816,16158,background,1
NCKAP5,-0.020096589234555262,0.020096589234555262,absolute_coefficient,3.0630473378551684,18.129627408050716,16.891510941462855,0.6436314363143631,0.6436314363143631,0.009970062857667533,0.2,1.0,287.0,59.89100000000001,1.0787304024016603e-05,0.0,-0.9259463435562143,3.421079813886164,3,0.43768121870673565,none,1.0,0.43768121870673565,961,background,2
GPM6A,-0.019926970379553027,0.019926970379553027,absolute_coefficient,3.3945565682881997,20.425041359475617,19.039517501539557,0.5501355013550135,0.5501355013550135,0.030325392274454105,1.0,1.0,957.0,215.88799999999992,1.613700808225322e-05,0.0,0.7278161353495134,4.684619435927582,3,0.5032569521540384,none,1.0,0.5032569521540384,394,exploratory,3
NTM,-0.017534277139213798,0.017534277139213798,absolute_coefficient,2.419169439426563,3.8639427424048796,3.5746274526143456,0.6666666666666666,0.6537337769749167,0.028224750257467464,0.2,1.0,851.0,182.86199999999997,2.3955080087702038e-05,0.0,-0.21938953540895736,1.319225923786461,3,0.4487083690354279,none,1.0,0.4487083690354279,829,background,4
PYCR1,0.017045108469168485,0.017045108469168485,absolute_coefficient,3.5993913689575323,25.632976014876935,23.90715194870377,0.6666666666666666,0.6666666666666666,0.04179502144075822,0.6,1.0,934.0,231.712,5.479111645859467e-05,0.0,0.9186830749950567,4.873023086184372,3,0.5191949047169667,none,1.0,0.5191949047169667,279,exploratory,5
GPA33,-0.016513876779054443,0.016513876779054443,absolute_coefficient,2.349875321171307,13.297060815795604,12.405835939693988,0.6287262872628726,0.6060733275957138,0.015677410956522628,0.2,1.0,469.0,96.69999999999997,1.571418437119258e-05,0.0,-0.7569611491513459,2.244593114457192,3,0.4164078747790926,none,1.0,0.4164078747790926,1304,background,6
PLA2G7,0.01609591748813989,0.01609591748813989,absolute_coefficient,0.4610096967709383,1.5136506989900143,1.3721794220112882,0.6666666666666666,0.2083082802824625,0.054473239617002414,0.6,0.2,745.0,215.371,0.00011107957060666631,0.0001919358507734304,0.581043018721687,-0.4889576381667686,1,0.24654895844030966,none,1.0,0.24654895844030966,9010,background,7
MME,-0.015109217747120016,0.015109217747120016,absolute_coefficient,2.294629973706939,20.022983722473718,18.6629782084203,0.6626016260162602,0.629942782810632,0.09808953828044392,0.2,1.0,1238.0,378.8030000000001,0.0001304130910565399,0.004832755156202608,3.524610817815442,1.873728424515099,3,0.4500765937526772,none,1.0,0.4500765937526772,813,background,8
RTKN2,-0.01491425735928888,0.01491425735928888,absolute_coefficient,3.9104810540251567,15.734835670693537,14.659934737760095,0.6666666666666666,0.6666666666666666,0.0068011582037055,0.2,1.0,176.0,37.29899999999999,9.117064070845642e-06,0.0,-1.0468097128456217,4.0203498047465285,3,0.45149625480481514,none,1.0,0.45149625480481514,790,background,9
ARHGAP40,0.014436902898539964,0.014436902898539964,absolute_coefficient,2.811889807076408,20.373729314130717,18.990701408362963,0.6382113821138211,0.6382113821138211,0.009490416267400647,0.2,1.0,284.0,59.338,9.117064070845642e-06,0.0,-0.9400970860631518,3.4005424703890483,3,0.4341610623105355,none,1.0,0.4341610623105355,1010,background,10
EMP2,-0.01435963007909711,0.01435963007909711,absolute_coefficient,2.71390175125791,24.24108674310518,22.592842624682334,0.6666666666666666,0.6666666666666666,0.01189776766593445,1.0,1.0,314.0,68.82800000000003,1.4179864213333202e-05,0.0,-0.3080715025347113,4.534381310199394,3,0.5726175088865055,none,1.0,0.5726175088865055,115,exploratory,11
SPOCK2,-0.013718525938953672,0.013718525938953672,absolute_coefficient,3.2390914978926157,21.570396886388327,20.094792661980755,0.6666666666666666,0.6666666666666666,0.0175180718168926,0.6,1.0,534.0,110.266,1.646508493265066e-05,0.0,-0.20152095739749146,4.2960113518208285,3,0.5138539757997163,none,1.0,0.5138539757997163,331,exploratory,12
IL20RA,-0.013602314904102896,0.013602314904102896,absolute_coefficient,1.6782774195147925,12.807088260506513,11.955895113059237,0.6612466124661247,0.5308399070102608,0.027006924386297763,0.6,1.0,380.0,122.70800000000001,4.852509017725097e-05,1.451996979846282e-05,-0.31167823420037954,1.9436219945443542,3,0.436891000054243,none,1.0,0.436891000054243,972,background,13
LGR4,0.01348108417790746,0.01348108417790746,absolute_coefficient,2.3971683081684745,15.071934695243785,14.050255730801013,0.6666666666666666,0.6502135959736226,0.040022350442803875,0.6,1.0,1096.0,244.13099999999986,4.146677632638816e-05,0.0,0.7177002083032297,2.725810272098998,3,0.5092621360954512,none,1.0,0.5092621360954512,360,exploratory,14
HS6ST2,0.013453528092292853,0.013453528092292853,absolute_coefficient,2.938974186195847,13.35730405956107,12.460734988014906,0.6653116531165312,0.6653116531165312,0.016034525962908545,0.2,1.0,415.0,99.76800000000003,1.5644279262158555e-05,0.0,-0.7325702568841425,2.8132029201046467,3,0.4526739371752545,none,1.0,0.4526739371752545,765,background,15
CCL13,0.013329182941491487,0.013329182941491487,absolute_coefficient,0.7587750553250643,0.16579811728095997,0.1421034983642512,0.6666666666666666,0.13614161927698448,0.04092381435809561,0.6,0.2,578.0,181.08400000000003,7.629502676990007e-05,0.0,-0.009149794967627654,-0.22205598512657754,1,0.20409612034574054,none,1.0,0.20409612034574054,10910,background,16
SPP1,0.013200043252936059,0.013200043252936059,absolute_coefficient,4.997343400244296,14.008464100010647,13.060334372572559,0.6666666666666666,0.6666666666666666,0.11509678797224084,1.0,1.0,1966.0,595.196,0.00015907551491199448,0.0007890696087352138,4.283905992457645,5.007391381108064,3,0.5953212933538929,none,1.0,0.5953212933538929,18,high,17
ABCC3,0.013016985192835792,0.013016985192835792,absolute_coefficient,2.46324589154578,20.6498504257571,19.24904190006701,0.6666666666666666,0.6607860093139915,0.03653328000832177,0.0,1.0,953.0,234.00199999999995,3.20235704600542e-05,1.8956627236882015e-05,0.2033940089818751,2.695839511536926,3,0.42462654033727915,none,1.0,0.42462654033727915,1147,background,18
PPBP,-0.012958490930701139,0.012958490930701139,absolute_coefficient,2.0018109949525895,7.207981933622122,6.721540250180971,0.5718157181571816,0.5034463652693744,0.052565495159424616,0.2,1.0,992.0,289.7970000000001,6.891317534608713e-05,4.8576357294510164e-05,0.6120756406468122,1.108140465635238,3,0.36215408669916965,none,1.0,0.36215408669916965,2867,background,19
FOLR2,0.012956397913095436,0.012956397913095436,absolute_coefficient,0.11734967701181237,2.6195205719238155,2.4050104107553887,0.6666666666666666,0.2516222213817847,0.027803511915718823,0.6,0.2,736.0,181.597,2.2873596349314124e-05,0.0,-0.34515817154591777,-0.5308207161436146,1,0.27049757625906007,none,1.0,0.27049757625906007,7331,background,20
TINCR,-0.012873379251005719,0.012873379251005719,absolute_coefficient,1.5425280658971303,16.952947491110596,15.798314060333192,0.6395663956639567,0.4925983459414999,0.0042983908293762075,0.2,1.0,45.0,13.185,1.0898822979633988e-05,0.0,-1.451618018328949,1.9128399622624093,3,0.34863100641173056,none,1.0,0.34863100641173056,3308,background,21
MGAT3,-0.012702189032894877,0.012702189032894877,absolute_coefficient,2.9788980666957685,23.569512359569142,21.96999488777096,0.6666666666666666,0.6666666666666666,0.02278959475754453,0.6,1.0,353.0,89.487,4.8101738199062674e-05,0.0,-0.16083375250732143,4.218168310573032,3,0.5150137108466597,none,1.0,0.5150137108466597,318,exploratory,22
MYRF,-0.012586024524975589,0.012586024524975589,absolute_coefficient,1.7177528471842791,15.746492348238615,14.670696311475192,0.6666666666666666,0.5415071222161513,0.021462746537084028,0.2,1.0,472.0,114.17799999999998,3.051580954724982e-05,0.0,-0.6141048744890054,1.8454470742616218,3,0.38212926845685957,none,1.0,0.38212926845685957,2245,background,23
ETV4,0.01240051209625648,0.01240051209625648,absolute_coefficient,3.542492499037897,24.000496648292167,22.36689938692171,0.6666666666666666,0.6666666666666666,0.03248867235934552,0.0,1.0,811.0,207.283,2.91582930579364e-05,0.0,0.12838255507927526,4.070245517052282,3,0.4271475079190559,none,1.0,0.4271475079190559,1105,background,24
ZBED2,-0.012342180541653473,0.012342180541653473,absolute_coefficient,2.2828568892062955,12.127005434182692,11.321561496011824,0.6653116531165312,0.6306393710353251,0.006885963973217193,0.2,1.0,178.0,37.99400000000001,9.117064070845642e-06,0.0,-1.263010007598626,2.136014719846573,3,0.4305513299304229,none,1.0,0.4305513299304229,1051,background,25
H2BC5,0.01233646961326991,0.01233646961326991,absolute_coefficient,2.439137480446702,14.44360906659463,13.461250249773798,0.6666666666666666,0.656928663538139,0.08431938256285211,0.2,1.0,1303.0,469.1360000000001,0.00010895062609707716,4.620677888989991e-05,1.8909365263988955,2.0400136188356295,3,0.46290222234928136,none,1.0,0.46290222234928136,638,background,26
FERMT1,0.012127883363891857,0.012127883363891857,absolute_coefficient,2.576013515733097,15.80161044340371,14.721165250298567,0.6666666666666666,0.6666666666666666,0.01776710272362123,0.6,1.0,401.0,98.29299999999999,2.3394599944835436e-05,0.0,-0.4438405687568926,3.126722922567545,3,0.5139087625991966,none,1.0,0.5139087625991966,330,exploratory,27
TMSB15A,-0.012063107824173042,0.012063107824173042,absolute_coefficient,1.1509687799461514,5.915651026444435,5.505936270434574,0.6639566395663956,0.44898906303748964,0.009540445570278047,0.6,0.65,303.0,59.748,9.117064070845642e-06,0.0,-1.0456667358425353,0.8839773296275326,1,0.38497577225661356,none,1.0,0.38497577225661356,2161,background,28
ARHGEF26,-0.01182722891146697,0.01182722891146697,absolute_coefficient,2.621720400113275,17.194437663377137,16.019863434633546,0.6666666666666666,0.6666666666666666,0.01257821560798639,0.2,1.0,338.0,75.55000000000001,1.3613395087383836e-05,0.0,-0.8706421545702598,2.8973068844966514,3,0.452767207433757,none,1.0,0.452767207433757,761,background,29
LTF,0.011704084254673305,0.011704084254673305,absolute_coefficient,1.29157774794494,0.5589147148922783,0.4939980028654363,0.6639566395663956,0.2552917405572996,0.10938245424745786,0.2,0.2,1760.0,496.67400000000004,0.0001959783947723417,0.00010189187139824083,2.800654664952151,-0.5770581770241955,0,0.21607986948844166,none,1.0,0.21607986948844166,10510,background,30
SULT2B1,-0.011580405066129664,0.011580405066129664,absolute_coefficient,0.5429395474981011,9.961909013719218,9.302052051487362,0.6612466124661247,0.3506627097601323,0.031591536942513064,0.0,0.2,394.0,114.214,7.15431857658323e-05,0.0,-0.6689044538278726,-0.09213051603351029,2,0.23783672990965354,none,1.0,0.23783672990965354,9524,background,31
HS3ST2,0.01156908898918877,0.01156908898918877,absolute_coefficient,0.2985204690093141,1.5332665613914582,1.3902838382089149,0.6626016260162602,0.18293135778544198,0.01673557068374902,1.0,0.2,354.0,88.49399999999994,2.4059863680588827e-05,0.0,-0.6947572840180423,0.05153064671769372,1,0.28996663392645433,none,1.0,0.28996663392645433,6232,background,32
COL17A1,0.011519899519264978,0.011519899519264978,absolute_coefficient,3.054205318691943,8.730299626107227,8.149329572750155,0.6626016260162602,0.6626016260162602,0.039038417320784655,0.6,1.0,859.0,229.86099999999996,4.453572830907771e-05,0.0,0.47758742563031176,2.772232171726786,3,0.5160274762008165,none,1.0,0.5160274762008165,307,exploratory,33
CCN5,-0.011503185089640086,0.011503185089640086,absolute_coefficient,2.236928527806321,11.661301072015766,10.888652639373113,0.6639566395663956,0.6220363074119557,0.014504287206281352,0.2,1.0,437.0,96.58600000000004,1.101667282407258e-05,0.0,-0.8578284612308867,1.9935238401900461,3,0.427169833462636,none,1.0,0.427169833462636,1104,background,34
COL10A1,0.011374243005532912,0.011374243005532912,absolute_coefficient,3.6366399865926065,12.516784195168578,11.684352547603877,0.6666666666666666,0.6666666666666666,0.04461356974863309,1.0,1.0,940.0,259.003,5.244427146024472e-05,1.6587048832271762e-05,1.0659191797770098,4.087127867909924,3,0.5798149853446992,none,1.0,0.5798149853446992,66,medium,35
KLRG2,-0.011220434172833608,0.011220434172833608,absolute_coefficient,0.8696109265680978,8.666045115833988,8.089954827095003,0.6341463414634146,0.38600907760451053,0.00986429378939175,0.2,0.2,252.0,62.40199999999999,9.117064070845642e-06,0.0,-1.3215471727437706,0.4483478007488773,2,0.28602661101052007,none,1.0,0.28602661101052007,6416,background,36
GPD1,-0.011202081813455656,0.011202081813455656,absolute_coefficient,3.6355356878072893,18.004944539930424,16.774134866024784,0.6666666666666666,0.6666666666666666,0.057921077934032825,0.6,1.0,1334.0,336.9860000000001,6.808372300607171e-05,0.0,1.5916616812137256,4.071739815088912,3,0.5227426371454872,none,1.0,0.5227426371454872,254,exploratory,37
COL3A1,0.011106385231752704,0.011106385231752704,absolute_coefficient,2.5722256987859913,9.094435744145676,8.492556016769623,0.6666666666666666,0.6666666666666666,0.09642154392384568,1.0,1.0,1790.0,494.71299999999997,0.00014436753888728368,0.00010544623900515621,3.1415916339128582,2.4072861640507264,0,0.591212739663246,none,1.0,0.591212739663246,27,high,38
ADM2,0.011087640077254596,0.011087640077254596,absolute_coefficient,2.6908237610409236,20.019209307331664,18.66038234076379,0.6666666666666666,0.6666666666666666,0.022697075812379546,0.6,1.0,275.0,78.43199999999999,5.280213255457695e-05,2.369578404610252e-05,-0.29284765222386877,3.6096606889913736,3,0.5149933566787235,none,1.0,0.5149933566787235,319,exploratory,39
IL1A,-0.011084849539044336,0.011084849539044336,absolute_coefficient,0.8891041567264595,9.857571663714012,9.204372028416893,0.6327913279132791,0.38814470716246824,0.15591409175951004,0.2,0.2,2552.0,821.6300000000001,0.0002171492132952115,0.000508274567788899,4.864711433053534,-0.37006064238242314,0,0.29362371658731395,none,1.0,0.29362371658731395,6054,background,40
FAM189A2,-0.011048920793957487,0.011048920793957487,absolute_coefficient,2.6285226887133364,19.027654799973217,17.72505075764418,0.6558265582655827,0.6558265582655827,0.017586681650010615,0.2,1.0,453.0,110.81200000000001,1.647313060390962e-05,0.0,-0.61621979428614,3.046508491413831,3,0.44703980167031937,none,1.0,0.44703980167031937,851,background,41
SCD,-0.011045741932521513,0.011045741932521513,absolute_coefficient,0.8473719706903837,13.280786601542395,12.391562164177621,0.6666666666666666,0.402246181977128,0.07399256641609187,0.0,0.2,1401.0,383.44500000000005,0.00010976845947456346,2.8434940855323022e-05,1.4144715499693004,0.2293240904601609,0,0.2698917918023756,none,1.0,0.2698917918023756,7373,background,42
SLC1A1,-0.011022840857048102,0.011022840857048102,absolute_coefficient,2.1707211666923505,15.34083740946631,14.295797669020166,0.6666666666666666,0.6139820533374427,0.039214242763396454,0.6,1.0,917.0,229.49799999999993,4.542772536934316e-05,0.0,0.530226353363253,2.554908678143269,3,0.4880700576769973,none,1.0,0.4880700576769973,486,exploratory,43
ANOS1,-0.010966416121361084,0.010966416121361084,absolute_coefficient,2.737203326965109,17.278466057597576,16.097687516452698,0.6666666666666666,0.6666666666666666,0.02896163403705716,0.2,1.0,505.0,140.68099999999998,4.779866336033243e-05,0.0,-0.2356134627904103,2.9155324660199518,3,0.45637155948815256,none,1.0,0.45637155948815256,697,background,44
S100A12,-0.010832503643973514,0.010832503643973514,absolute_coefficient,1.7048265988349771,5.61521845955273,5.222501415104433,0.6517615176151762,0.5273782961646474,0.05798680586128325,0.2,1.0,1607.0,402.93999999999994,3.573740930418145e-05,0.0,1.1418676794632319,0.620192663554335,3,0.3812245849457366,none,1.0,0.3812245849457366,2271,background,45
VIPR1,-0.010814403482279434,0.010814403482279434,absolute_coefficient,3.167975219776249,9.408868001575005,8.78793583074896,0.6626016260162602,0.6626016260162602,0.027410826170923455,1.0,1.0,505.0,135.246,4.408442244110662e-05,7.1087352138307555e-06,0.15378704025018983,3.4589377858841925,3,0.573469406147847,none,1.0,0.573469406147847,105,exploratory,46
BIRC7,0.010765140085267189,0.010765140085267189,absolute_coefficient,0.17076140886248992,0.03658953110033753,0.030598451928939934,0.6585365853658537,0.030201371741223164,0.03073327978813626,0.2,0.2,737.0,177.24799999999996,3.6896451460901514e-05,0.0,-0.5173647305720658,-1.1803405469070571,2,0.08179588918888012,none,1.0,0.08179588918888012,15607,background,47
OASL,-0.01064313878571026,0.01064313878571026,absolute_coefficient,0.9142268488442895,8.94384391584516,8.35042904303383,0.6666666666666666,0.41294296248175294,0.09008837145121998,0.2,0.2,2310.0,601.977,6.705245946169441e-05,2.1326205641492267e-05,2.576272470248946,-0.01934131423712255,0,0.3068041399166037,none,1.0,0.3068041399166037,5341,background,48
FAM167A,-0.010624323249963563,0.010624323249963563,absolute_coefficient,1.8902548728606101,13.314073261495935,12.421040078207563,0.6653116531165312,0.5679507238724855,0.0178425712972149,0.2,1.0,311.0,79.722,3.288333563387853e-05,0.0,-0.8521252744539732,1.8068258345771695,3,0.39660236818725536,none,1.0,0.39660236818725536,1781,background,49
CRABP2,0.010474005285454967,0.010474005285454967,absolute_coefficient,5.522582925461936,21.906440132006338,20.41033907928181,0.6666666666666666,0.6666666666666666,0.028532034918417992,0.6,1.0,649.0,153.96600000000004,3.948867438508889e-05,0.0,0.4643706597371304,6.425931937948843,3,0.5162770476820518,none,1.0,0.5162770476820518,304,exploratory,50
ADAM8,0.010471407180023758,0.010471407180023758,absolute_coefficient,2.026533635312953,13.26235702473408,12.375521014004555,0.6666666666666666,0.5909120483167392,0.024826107701128284,0.6,1.0,725.0,160.11499999999998,2.1430510649577944e-05,0.0,-0.08497849309291153,2.3095101537177136,3,0.4715240650512903,none,1.0,0.4715240650512903,568,background,51
SEMA5A,-0.010359999024881961,0.010359999024881961,absolute_coefficient,2.466710980499189,14.958701144418445,13.946131713451928,0.6666666666666666,0.6613404235465368,0.026303441647124302,0.2,1.0,595.0,143.929,3.5420739071053106e-05,0.0,-0.30914048791626786,2.4482810236840082,3,0.45269753615269204,none,1.0,0.45269753615269204,764,background,52
COL12A1,-0.01034616285265998,0.01034616285265998,absolute_coefficient,0.030127575668614872,4.533623891733671,4.204367654633196,0.6666666666666666,0.27148707877364503,0.05038409703410255,0.2,0.2,1065.0,272.324,6.918275699192242e-05,2.014141643918714e-05,0.3712518453712188,-1.0155116306143317,2,0.22301273929154794,none,1.0,0.22301273929154794,10265,background,53
C13ORF46,-0.010310172040023066,0.010310172040023066,absolute_coefficient,2.3850427109464833,21.145188959255,19.700594284847014,0.6056910569105691,0.5889801924530336,0.0028396915746450673,0.2,1.0,25.0,4.833999999999999,9.117064070845642e-06,0.0,-1.363295329104802,3.1184082809432945,3,0.40251779661470977,none,1.0,0.40251779661470977,1632,background,54
ADRB1,-0.010306354806281818,0.010306354806281818,absolute_coefficient,2.9045154694646462,16.0665952111302,14.972931339471778,0.6409214092140921,0.6409214092140921,0.04483591843894741,1.0,1.0,768.0,208.82200000000006,7.690701378392768e-05,9.241355777979982e-05,0.9656300866633459,3.719872156307032,3,0.5636443898614465,none,1.0,0.5636443898614465,134,exploratory,55
HSD17B13,-0.010264855780849971,0.010264855780849971,absolute_coefficient,1.8041397150079672,5.076172156503754,4.714700006733951,0.6382113821138211,0.5316259530955293,0.04447967993748458,0.2,1.0,1506.0,315.9929999999999,2.399530732119865e-05,0.0,0.7008899784421988,0.7279859352616459,3,0.38003915148734463,none,1.0,0.38003915148734463,2309,background,56
CCL11,-0.010263969890386661,0.010263969890386661,absolute_coefficient,0.37540595029551777,0.17945053989652024,0.15426468724483108,0.6585365853658537,0.07508908540347385,0.06175038981380816,1.0,0.2,845.0,286.3679999999998,0.00010851339553001168,7.1087352138307555e-06,1.0125905585265063,-0.2713455065576328,1,0.22919551595411508,none,1.0,0.22919551595411508,9986,background,57
MFAP5,-0.010255849815205605,0.010255849815205605,absolute_coefficient,0.03897666971014958,1.2387769035468368,1.117437820902493,0.6504065040650406,0.1135119704303615,0.02998869192132508,1.0,0.2,533.0,143.864,5.038672156392834e-05,0.0,-0.1877860443876271,-0.3062588309562265,1,0.2496767704974,none,1.0,0.2496767704974,8765,background,58
MESP1,0.010253901226775781,0.010253901226775781,absolute_coefficient,1.781917947990309,21.185342032864977,19.736609954857702,0.6666666666666666,0.551773538345116,0.012694652299281151,0.2,1.0,249.0,64.865,1.936870991065444e-05,0.0,-0.9674893243976698,2.485377915337759,3,0.3861548090793424,none,1.0,0.3861548090793424,2123,background,59
CHAD,0.01021903579268419,0.01021903579268419,absolute_coefficient,1.3112309028906346,2.1897141286581427,2.002086244073712,0.6531165311653117,0.396217911718363,0.028869568276629013,0.2,0.65,737.0,183.427,2.6288715077008284e-05,0.0,-0.4375696288448643,0.11645374607374216,2,0.2965905636184741,none,1.0,0.2965905636184741,5916,background,60
RBP2,-0.010194641466906082,0.010194641466906082,absolute_coefficient,2.044354212464977,14.287123973280433,13.316236371611918,0.5745257452574526,0.5116984886997779,0.015371474506927347,0.2,1.0,301.0,78.47100000000003,2.3488231177039008e-05,0.0,-0.9128338874744372,2.060869987006478,3,0.35889313510026777,none,1.0,0.35889313510026777,2964,background,61
SEMA3E,-0.010187063535953032,0.010187063535953032,absolute_coefficient,0.7279929773451835,6.3904397852667225,5.9536304053021105,0.6138211382113821,0.3527742499958921,0.02198904502336851,1.0,0.2,458.0,110.04800000000002,3.453428105707177e-05,9.478313618441007e-06,-0.33863941952673404,0.8868455977894165,1,0.3862676398892147,none,1.0,0.3862676398892147,2117,background,62
PKDCC,-0.010130451660797906,0.010130451660797906,absolute_coefficient,1.0102639663600446,15.348867514473534,14.302969766869348,0.6666666666666666,0.4283089012842738,0.024538274710754253,0.2,0.65,833.0,171.97400000000002,1.4400127136054144e-05,0.0,-0.33968746718186466,1.1007239434572769,3,0.31526146936184996,none,1.0,0.31526146936184996,4803,background,63
IL1RL1,-0.010124256562085564,0.010124256562085564,absolute_coefficient,2.8707891377245875,7.2541443311115135,6.764930769108628,0.6409214092140921,0.6409214092140921,0.03487301740306636,0.6,1.0,781.0,207.51499999999993,3.870572197609912e-05,0.0,0.25546741915656285,2.483818263361795,3,0.5014525516335526,none,1.0,0.5014525516335526,413,exploratory,64
IL6,-0.010084207416258205,0.010084207416258205,absolute_coefficient,2.5148378884275946,4.58041878607748,4.249123733352826,0.6666666666666666,0.6666666666666666,0.4404881644844421,0.0,1.0,4633.0,1602.357,0.0005554164525201789,0.026491096704074416,21.123949617882072,-3.734250975155236,4,0.5169073961865772,none,1.0,0.5169073961865772,297,exploratory,65
TREM1,-0.01002661885913387,0.01002661885913387,absolute_coefficient,0.7672947464552259,12.923036135269397,12.064067545672232,0.6666666666666666,0.3894338260995028,0.040097513844239756,0.2,0.2,857.0,234.10300000000004,4.657351963462201e-05,9.478313618441007e-06,0.07709958966939107,0.5610339043419473,2,0.29096924308019145,none,1.0,0.29096924308019145,6181,background,66
FAM83A,0.010001955449422287,0.010001955449422287,absolute_coefficient,5.383485494210576,34.12910804261325,31.943617399380553,0.6639566395663956,0.6639566395663956,0.016340281990146265,0.2,1.0,512.0,115.47399999999999,9.117064070845642e-06,0.0,-0.11508642961117752,7.113553907864116,3,0.4518875449646614,none,1.0,0.4518875449646614,780,background,67
DLX3,0.009977936922405214,0.009977936922405214,absolute_coefficient,1.577895447389334,9.268314576950537,8.6567499051711,0.6341463414634146,0.4938065266270596,0.026309598878964453,0.2,1.0,667.0,166.809,2.413208115239663e-05,0.0,-0.44151709623315677,1.0664879012931208,3,0.3539032142702375,none,1.0,0.3539032142702375,3120,background,68
SLC6A20,-0.009968285239194557,0.009968285239194557,absolute_coefficient,0.5214860943864343,4.105282506708311,3.801591368738061,0.5853658536585366,0.3074087781381917,0.020273240565165343,0.6,0.2,421.0,97.533,3.3926093296554944e-05,0.0,-0.7165938141014018,0.045496033038780845,1,0.2984574065879453,none,1.0,0.2984574065879453,5812,background,69
FADS2,-0.009887219967299075,0.009887219967299075,absolute_coefficient,0.38887927017601204,0.7678072905211444,0.6851555802207745,0.6666666666666666,0.13047022016337476,0.027147736861997247,1.0,0.2,581.0,157.46900000000005,3.20686719872433e-05,4.739156809220504e-06,-0.2240325309018841,-0.0007878245206093031,1,0.2602005614500186,none,1.0,0.2602005614500186,7991,background,70
PLEK2,0.009825266940687931,0.009825266940687931,absolute_coefficient,2.654575875148486,28.074759725508724,26.21148837700995,0.6666666666666666,0.6666666666666666,0.0935292452835742,1.0,1.0,1654.0,486.7299999999999,0.0001367312903705177,9.715271458902033e-05,3.1983200867346118,4.325473213673015,3,0.5905764339623862,none,1.0,0.5905764339623862,28,high,71
CCL19,0.009751346841923764,0.009751346841923764,absolute_coefficient,0.6175679701099267,2.274545842156915,2.081929910804024,0.6653116531165312,0.3003809540166574,0.06542656704140187,0.0,0.2,1065.0,342.0779999999999,9.580454867363607e-05,1.0663102820746134e-05,0.7030093538376808,-0.9641400909249841,2,0.21036530493530947,none,1.0,0.21036530493530947,10692,background,72
RAB11FIP1,-0.009729632936547864,0.009729632936547864,absolute_coefficient,1.5044580630882338,13.374089745853242,12.47599361781686,0.6666666666666666,0.507379956760784,0.03660511950547723,1.0,1.0,927.0,201.49599999999998,4.87010177662822e-05,0.0,0.6328637536469734,2.1798865302736363,3,0.48566683454579296,none,1.0,0.48566683454579296,497,exploratory,73
MATN3,-0.00972005295304585,0.00972005295304585,absolute_coefficient,1.130652690415754,8.681936564067069,8.104510678657574,0.6666666666666666,0.44757109713318727,0.0347384447809579,0.6,0.65,955.0,209.79099999999997,3.70349624266065e-05,0.0,0.23611464712297575,0.954298486750477,1,0.3878921672742589,none,1.0,0.3878921672742589,2061,background,74
SDS,0.0097142393826671,0.0097142393826671,absolute_coefficient,1.348367034437471,4.28908237160146,3.9742084187975215,0.6666666666666666,0.48240539217666206,0.04076691246599297,0.6,0.65,699.0,188.366,7.20584352490597e-05,0.0,0.2008586478586699,0.7190900562115986,1,0.40895812927843433,none,1.0,0.40895812927843433,1464,background,75
CDKN2B,-0.009696989240513902,0.009696989240513902,absolute_coefficient,1.2888980914081918,11.617260985728178,10.848410849833767,0.6666666666666666,0.47289036129197737,0.06020173665957886,0.6,0.65,1616.0,399.2690000000002,4.629358379278715e-05,1.4217470427661511e-05,1.5154938850058886,1.219456869937149,3,0.4062185912249999,none,1.0,0.4062185912249999,1530,background,76
INHBA,-0.009681779637767604,0.009681779637767604,absolute_coefficient,0.5899746388265708,4.18646969803995,3.8778264598704477,0.6666666666666666,0.361062608878918,0.046014921617523095,0.0,0.2,1084.0,257.79200000000003,5.8252474887516366e-05,4.5021989687594784e-05,0.1941717161571057,-0.7181745012732237,2,0.24477430303427677,none,1.0,0.24477430303427677,9116,background,77
TNNI2,-0.009652284287589864,0.009652284287589864,absolute_coefficient,1.389118325476765,12.358407565630246,11.537553182202945,0.6666666666666666,0.48892559874294905,0.03948826477068326,0.2,0.65,603.0,170.54199999999997,7.569047463766545e-05,0.0,-0.03932962377543659,1.1047191087874557,3,0.3525570024664515,none,1.0,0.3525570024664515,3169,background,78
S100B,0.00965216976416994,0.00965216976416994,absolute_coefficient,1.258422030564293,3.0227598461856884,2.783274616931789,0.6653116531165312,0.4670629432001305,0.06875504543874848,0.0,0.65,1365.0,368.96099999999996,8.526339749549912e-05,0.0006611123748862602,1.2698270814065753,-0.38863756618460893,2,0.31399406120964324,none,1.0,0.31399406120964324,4883,background,79
LAMP5,0.009627722371452327,0.009627722371452327,absolute_coefficient,1.2641448762479877,5.537867424466966,5.149959051031517,0.6666666666666666,0.46892984686634465,0.018122423376791194,0.2,0.65,606.0,130.07899999999998,9.117064070845642e-06,0.0,-0.8118795189713277,0.45661928049236783,2,0.3379041510586943,none,1.0,0.3379041510586943,3686,background,80
HRCT1,-0.009627076962712165,0.009627076962712165,absolute_coefficient,1.8013695464867265,8.13500636668421,7.592070169044806,0.6639566395663956,0.5526301607951748,0.0074070008592818145,0.2,1.0,169.0,42.26399999999999,9.117064070845642e-06,0.0,-1.3629056305297453,1.2979386952541851,3,0.3853528654285631,none,1.0,0.3853528654285631,2148,background,81
DHRS9,0.009617497608352262,0.009617497608352262,absolute_coefficient,0.7138783717792349,0.5327922516069383,0.4702915241791904,0.6639566395663956,0.16092302207708853,0.02783592742710414,0.2,0.2,508.0,126.88099999999997,5.006069903660935e-05,0.0,-0.6950987130513824,-0.5964317644679044,2,0.1577579655898237,none,1.0,0.1577579655898237,12489,background,82
PLA2G4F,-0.009611068408618039,0.009611068408618039,absolute_coefficient,2.488673454341354,24.052925889330524,22.415992162265315,0.6598915989159891,0.6580977687580182,0.023686163479162338,0.2,1.0,346.0,110.657,4.1149537239808354e-05,7.1087352138307555e-06,-0.45087604569673734,3.364119728686312,3,0.4499022417908657,none,1.0,0.4499022417908657,817,background,83
C5ORF46,0.009599317983358778,0.009599317983358778,absolute_coefficient,1.3675892889659382,7.893174775619174,7.365521950111667,0.6463414634146342,0.47067970433715534,0.006359069998035212,0.2,0.65,142.0,33.676,9.117064070845642e-06,0.0,-1.461100839444641,0.8700116989908655,2,0.33622064869600077,none,1.0,0.33622064869600077,3752,background,84
UNC13D,-0.00959190155995684,0.00959190155995684,absolute_coefficient,0.8989450082057061,13.129948494944092,12.254474918478614,0.6666666666666666,0.41049786797957966,0.022277411783769248,0.2,0.2,420.0,107.8,3.6970867461243435e-05,0.0,-0.7466097503474043,0.8203730897340658,2,0.3024023028799754,none,1.0,0.3024023028799754,5605,background,85
COL1A1,0.009569603637017228,0.009569603637017228,absolute_coefficient,2.8734609417309707,9.089974900271402,8.48840402284216,0.6666666666666666,0.6666666666666666,0.15363112584196562,1.0,1.0,2560.0,742.3249999999997,0.00024200818607651717,0.0008175045495905369,5.644562584707227,2.267656915898065,0,0.6037988476852324,none,1.0,0.6037988476852324,8,high,86
B3GNT3,0.009567196928792028,0.009567196928792028,absolute_coefficient,3.8158662410972433,18.21599862027441,16.972741579008026,0.6666666666666666,0.6666666666666666,0.02923822797091284,1.0,1.0,392.0,113.94099999999999,6.214179869336085e-05,0.0,0.3248278060217103,4.901727914049078,3,0.5764324101536007,none,1.0,0.5764324101536007,84,medium,87
STEAP3,0.009532069405961355,0.009532069405961355,absolute_coefficient,0.6936688473339626,3.2574224667515406,3.004313332331204,0.6666666666666666,0.3776536822401007,0.025578743744786858,0.2,0.2,591.0,163.63600000000002,2.250471686807252e-05,1.4217470427661511e-05,-0.7006756775504506,-0.33865130589237163,2,0.2834979337573623,none,1.0,0.2834979337573623,6545,background,88
KCNMB4,-0.009525089360345318,0.009525089360345318,absolute_coefficient,0.3161086812031404,1.2166640153370334,1.0970585098058883,0.6666666666666666,0.15872530146690544,0.02136388619427606,1.0,0.2,282.0,74.30799999999998,4.982994995998571e-05,0.0,-0.5897656437462029,0.010689164794169504,1,0.27633401917668665,none,1.0,0.27633401917668665,6958,background,89
MACROD2,0.009524393495764043,0.009524393495764043,absolute_coefficient,1.0833733292649834,11.695218243290356,10.920121350423727,0.6626016260162602,0.4373234334993746,0.019397092517813803,0.2,0.65,466.0,111.046,2.3693801243808286e-05,0.0,-0.8061303215491848,0.8739096176902201,2,0.31955145696049764,none,1.0,0.31955145696049764,4582,background,90
CCL24,-0.00951447340543928,0.00951447340543928,absolute_coefficient,2.380838520766697,4.5571649815485715,4.226973179720539,0.6598915989159891,0.641019520741479,0.03275417890261383,0.2,1.0,527.0,161.39000000000004,5.288808395324126e-05,2.369578404610252e-06,-0.32127408777984817,1.3462801403610898,3,0.4419918213344324,none,1.0,0.4419918213344324,904,background,91
AGRP,-0.00950045030701968,0.00950045030701968,absolute_coefficient,2.6361272771002318,11.853567407471237,11.068379214721036,0.6504065040650406,0.6504065040650406,0.04319563448394085,0.6,1.0,641.0,192.80600000000004,7.88444758535304e-05,5.213072490142554e-05,0.47672394740185375,2.6515002725795624,3,0.5092591371474425,none,1.0,0.5092591371474425,361,exploratory,92
TMPRSS4,0.009430782310194038,0.009430782310194038,absolute_coefficient,3.998532176815259,21.02360408456795,19.591208802836203,0.6626016260162602,0.6626016260162602,0.023321158265584754,0.2,1.0,649.0,157.66800000000006,1.654194502552213e-05,0.0,-0.13344079612417142,4.495509789173034,3,0.4525696792086726,none,1.0,0.4525696792086726,767,background,93
KISS1R,-0.009400153665239847,0.009400153665239847,absolute_coefficient,2.194547552325602,56.48868379135518,53.517072968067566,0.14705882352941177,0.1362781489056095,0.02972341676151029,0.2,1.0,398.0,127.344,5.7402257920602644e-05,4.739156809220504e-06,0.19649628773430472,6.222937249457246,3,0.12293341922925635,none,1.0,0.12293341922925635,13856,background,94
PDPN,-0.009387479838761441,0.009387479838761441,absolute_coefficient,0.9771242359920252,27.222358760552297,25.402015612595335,0.6666666666666666,0.42300654442539065,0.043625697874393674,0.0,0.2,1063.0,283.41999999999996,3.664125632787982e-05,0.0,0.4102041254086193,1.8780448385583648,3,0.28059665980653326,none,1.0,0.28059665980653326,6733,background,95
PTGS2,-0.009354497916040058,0.009354497916040058,absolute_coefficient,0.20915478583175476,4.25505980858575,3.9424667358607817,0.6666666666666666,0.30013143239974743,0.15205906199281805,0.2,0.2,2789.0,838.7959999999998,0.00017854820530015426,0.0013862033666969973,4.972457447500172,-1.62724722199734,0,0.2441001628528708,none,1.0,0.2441001628528708,9160,background,96
EPN3,0.00934148846830027,0.00934148846830027,absolute_coefficient,2.301719937000617,13.185563427101487,12.305033073161209,0.6612466124661247,0.6297797276714259,0.03878613633644679,0.6,1.0,634.0,188.71400000000003,6.382049177876692e-05,2.369578404610252e-06,0.299252421996437,2.4930819107812843,3,0.4968675226667515,none,1.0,0.4968675226667515,440,exploratory,97
KHDRBS2,-0.009325239201983502,0.009325239201983502,absolute_coefficient,1.301280723134295,20.475725765449063,19.08706165896577,0.6192411924119241,0.4410900673622893,0.024075327755756333,0.6,0.65,632.0,152.26300000000003,2.227072924337344e-05,0.0,-0.1619706080123868,2.3190489380587045,3,0.3802370705597971,none,1.0,0.3802370705597971,2300,background,98
CSF3,-0.009323948372930171,0.009323948372930171,absolute_coefficient,4.357643025525719,4.387231823480852,4.066899014191385,0.5907859078590786,0.5907859078590786,0.12309649640738429,0.6,1.0,1705.0,573.6450000000002,0.00019509621034365622,0.0012163835810332624,3.9980755522185873,2.973801017783863,3,0.48927635116084395,none,1.0,0.48927635116084395,477,exploratory,99
HYAL1,-0.009294371167617079,0.009294371167617079,absolute_coefficient,1.8620639590906651,30.893339238278433,28.8891723810351,0.6666666666666666,0.564596900121173,0.031377930735842725,1.0,1.0,975.0,193.23499999999999,3.1603601790535016e-05,0.0,0.7844211533980229,4.220428338270464,3,0.517702680165499,none,1.0,0.517702680165499,292,exploratory,100
