gene_name_norm,gdc_abs_log2_fc,gdc_neg_log10_p,gdc_neg_log10_fdr,sample_prevalence_score,expression_evidence_score,network_context_score,geo_component_score,de_priority_gate,degree_gene,weighted_degree_gene,pagerank,betweenness_centrality,pca_1,pca_2,cluster_id,target_score_raw,target_penalty_reason,target_penalty_factor,target_score,target_rank,evidence_level,gene_name,gene_id,count_tumor,count_normal,mean_raw_tumor,mean_raw_normal,mean_log_tumor,mean_log_normal,gdc_log2_fc,gdc_p_value,gdc_adj_p_value,gdc_expression_status,count_advanced,count_early,mean_advanced,mean_early,geo_stage_diff_advanced_vs_early,geo_p_value,geo_adj_p_value,protein_count,geo_direction_match,geo_validation_status,geo_validation_bonus,coefficient,model_importance,importance_type,model_importance_rank,encoded_by_gene,protein_target,protein_target_cluster,isolation_priority_score,gmm_rarity_score,cluster_priority_score,evidence_prior_score,protein_ml_priority_score,protein_ml_rank
IL6,2.5148378884275946,4.58041878607748,4.249123733352826,0.6666666666666666,0.6666666666666666,0.4404881644844421,0.0,1.0,4633.0,1602.357,0.0005554164525201789,0.026491096704074416,21.123949617882072,-3.734250975155236,4,0.5169073961865772,none,1.0,0.5169073961865772,297,exploratory,IL6,ENSG00000136244,492.0,24.0,10.333481097560973,63.77463333333333,2.692984640768288,4.740958414223147,-2.5148378884275946,2.627732871742816e-05,5.634770946261684e-05,FDR Down-regulated,320.0,708.0,0.1787880392766965,-0.002044077632531478,0.18083211690922799,0.00950506179353509,0.04137256202403759,1.0,False,conflicting,-0.25,-0.010084207416258205,0.010084207416258205,absolute_coefficient,65.0,IL6,IL6 protein,9,0.9998220746100469,0.999584840756776,1.0,0.40310307386286715,1.0,1
MME,2.294629973706939,20.022983722473718,18.6629782084203,0.6626016260162602,0.629942782810632,0.09808953828044392,0.2,1.0,1238.0,378.8030000000001,0.0001304130910565399,0.004832755156202608,3.524610817815442,1.873728424515099,3,0.4500765937526772,none,1.0,0.4500765937526772,813,background,MME,ENSG00000196549,489.0,24.0,5.869015950920246,32.70132499999999,1.995658096487309,4.959908947704747,-2.294629973706939,9.484540110603555e-21,2.17281020115335e-19,FDR Down-regulated,335.0,735.0,0.10224402014661534,0.010582979266958621,0.09166104087965671,0.19660374458841195,0.37090946203170055,1.0,False,geo_weak_signal,0.0,-0.015109217747120016,0.015109217747120016,absolute_coefficient,8.0,MME,MME protein,3,0.9946622383014057,0.9972125022240673,0.9166666666666666,0.4526447205097921,0.983645644847712,2
CDK1,2.3193327766938205,23.67468985343617,22.066899855671995,0.6666666666666666,0.6377599109376779,0.35892941246339405,0.2,1.0,3911.0,1215.2919999999997,0.0004607783166135632,0.023796886058032558,17.951075295925904,-1.1726128125262498,4,0.5121985524191331,none,1.0,0.5121985524191331,342,exploratory,CDK1,ENSG00000170312,492.0,24.0,30.036304878048774,5.2184375,4.483523939062928,2.5823038768904154,2.3193327766938205,2.1149989035405975e-24,8.572354930912985e-23,FDR Up-regulated,,,,,,,,1.0,False,missing_geo,0.0,0.0005858755416405182,0.0005858755416405182,absolute_coefficient,1786.0,CDK1,CDK1 protein,9,0.9993476069035051,0.9994069153668228,1.0,0.3289823832610622,0.983475423351101,3
CDC20,3.391004721846256,15.534742825198254,14.474289610650619,0.6666666666666666,0.6666666666666666,0.19051588000331793,1.0,1.0,2650.0,799.3579999999997,0.00030742393439423075,0.004201262511373977,7.791482558597794,2.8286408958174807,0,0.6119134936007299,none,1.0,0.6119134936007299,3,high,CDC20,ENSG00000117399,492.0,24.0,60.81095792682928,4.892116666666666,5.34739345827945,2.209664074246519,3.391004721846256,2.9191551292251034e-16,3.355138011851702e-15,FDR Up-regulated,337.0,765.0,0.33638432138512747,0.012217611788461607,0.3241667095966659,1.39635381123248e-07,7.002053790302046e-06,1.0,True,validated,1.0,0.005138923178435279,0.005138923178435279,absolute_coefficient,482.0,CDC20,Cell division cycle protein 20 homolog,3,0.9915781982088844,0.9915188897455667,0.9166666666666666,0.4366258911741753,0.9771820425590456,4
EXO1,2.4667855057623753,33.96273154844578,31.79275307139134,0.6666666666666666,0.6613523475886467,0.16531957979841916,1.0,1.0,2090.0,659.4409999999996,0.0002543892598693367,0.005420015670811849,7.040297209503111,3.7774396395388523,0,0.6032880024904006,none,1.0,0.6032880024904006,9,high,EXO1,ENSG00000174371,492.0,24.0,8.104884146341464,0.6470166666666667,2.7152978483850196,0.685364758433768,2.4667855057623753,1.0896034045418051e-34,1.6115616670157347e-32,FDR Up-regulated,318.0,699.0,0.3616143324805582,0.01211540493647833,0.34949892754407985,3.975914737882333e-07,1.5532666907325523e-05,1.0,True,validated,1.0,0.0016852045748211952,0.0016852045748211952,absolute_coefficient,1390.0,EXO1,EXO1 protein,3,0.9894430935294467,0.9951367060079473,0.9166666666666666,0.401890969302641,0.9697284649482867,5
CCNB1,2.7476348802906454,21.264385365244337,19.804657902935602,0.6666666666666666,0.6666666666666666,0.20588902701485046,1.0,1.0,3049.0,936.358,0.0003064365283725703,0.003931130573248408,8.451892272609275,2.6977129367292907,0,0.615295585943267,none,1.0,0.615295585943267,2,high,CCNB1,ENSG00000134057,492.0,24.0,58.0504231707317,7.7923,5.431116898870155,3.034637552868073,2.7476348802906454,5.440197101890457e-22,1.5679856980337607e-20,FDR Up-regulated,337.0,766.0,0.42635295841599696,0.013068343658688995,0.413284614757308,2.4846078297061407e-11,1.5314846594772016e-08,1.0,True,validated,1.0,0.002946714861590965,0.002946714861590965,absolute_coefficient,984.0,CCNB1,Cyclin B1,3,0.9881383073364569,0.9843425656841231,0.9166666666666666,0.40483152637595476,0.9666726896488012,6
SPP1,4.997343400244296,14.008464100010647,13.060334372572559,0.6666666666666666,0.6666666666666666,0.11509678797224084,1.0,1.0,1966.0,595.196,0.00015907551491199448,0.0007890696087352138,4.283905992457645,5.007391381108064,3,0.5953212933538929,none,1.0,0.5953212933538929,18,high,SPP1,ENSG00000118785,492.0,24.0,814.1558439024386,24.520570833333334,8.407436835937114,4.009638339932053,4.997343400244296,9.80699378308711e-15,8.702932746138515e-14,FDR Up-regulated,337.0,765.0,0.24026185449196208,-0.0063793317099053145,0.2466411862018674,9.478746406080309e-05,0.001230019782169135,1.0,True,validated,1.0,0.013200043252936059,0.013200043252936059,absolute_coefficient,17.0,SPP1,Osteopontin,4,0.9949587806179941,0.9986952138070102,0.75,0.5647688597416365,0.9600270115242033,7
CDKN2A,2.8854901044285355,21.973159004078802,20.474629457709113,0.6653116531165312,0.6653116531165312,0.2589136247041169,0.6,1.0,4298.0,1234.963,0.00024967159499043873,0.011442694115862906,12.444241676602902,1.3987143066633132,4,0.5661073388983203,none,1.0,0.5661073388983203,127,exploratory,CDKN2A,ENSG00000147889,491.0,24.0,18.3530949083503,1.618975,3.0035217663012426,1.3199349031416874,2.8854901044285355,1.063753485046248e-22,3.352513553526129e-21,FDR Up-regulated,337.0,765.0,0.14350655930149936,0.007245230598655207,0.13626132870284416,0.04895699780218457,0.1389084649761687,1.0,True,geo_weak_signal,0.5,0.003049890792419763,0.003049890792419763,absolute_coefficient,951.0,CDKN2A,CDKN2A protein,6,0.9955518652511713,0.9973311191507028,0.8333333333333334,0.39189304753090537,0.9463111109865169,8
EEF1A2,4.915363424998204,37.21691399608993,34.88765775898945,0.6355013550135501,0.6355013550135501,0.10128957578096863,1.0,1.0,2574.0,641.19,8.020523789498736e-05,0.00079973271155596,4.612276719757061,7.1994879242849,3,0.5726495603303496,none,1.0,0.5726495603303496,114,exploratory,EEF1A2,ENSG00000101210,469.0,22.0,49.61072515991471,0.6771454545454546,3.5774416246078427,0.67197925734279,4.915363424998204,6.068564942833143e-38,1.2952161202672105e-35,FDR Up-regulated,335.0,720.0,0.18486207315225656,-0.0013269440327551112,0.18618901718501166,0.008669651771249868,0.03881750863681085,1.0,True,validated,1.0,0.0024407893611459136,0.0024407893611459136,absolute_coefficient,1147.0,EEF1A2,EEF1A2 protein,4,0.9942470790581815,0.9990510645869165,0.75,0.481599320255896,0.9415733366351358,9
JUN,1.2605867731357012,8.594934447843066,8.023376301815627,0.6666666666666666,0.4683605503683788,0.32701509676620266,1.0,0.65,5493.0,1637.416999999999,0.00044017935528520606,0.004563808007279345,13.677066147420346,-0.7531246195709861,4,0.50174561138456,none,1.0,0.50174561138456,409,exploratory,JUN,ENSG00000177606,492.0,24.0,202.68862967479672,487.02404166666673,7.346070301964321,8.747517639888043,-1.2605867731357012,2.5413562674406876e-09,9.475970459634824e-09,Nominal Down-regulated,320.0,708.0,-0.23703988762990774,0.0020686315693550527,-0.2391085191992628,0.0008538941181433115,0.006570010569209459,1.0,True,validated,1.0,,,,,JUN,JUN protein,3,0.9948994721546764,0.9956704821778067,0.9166666666666666,0.2564220263285671,0.940205283075235,10
TOP2A,3.6358702942616725,19.751409000558198,18.405339264448074,0.6666666666666666,0.6666666666666666,0.17016565772671768,1.0,1.0,3408.0,980.8780000000002,0.00019089636471941818,0.0008269828632089779,6.901444598064453,3.894627447840757,0,0.6074364446998778,none,1.0,0.6074364446998778,6,high,TOP2A,ENSG00000131747,492.0,24.0,67.20873414634146,4.486987500000001,5.499841268198703,2.2828632249079064,3.6358702942616725,1.7725194092347992e-20,3.932427599882625e-19,FDR Up-regulated,337.0,766.0,0.30839404840373297,0.006673150788871061,0.3017208976148619,7.244661525252294e-07,2.4808493710701912e-05,1.0,True,validated,1.0,0.007192398873401287,0.007192398873401287,absolute_coefficient,220.0,TOP2A,DNA topoisomerase II alpha,4,0.992289899768697,0.9950773975446296,0.75,0.4726832044738759,0.9376403233407168,11
RAD51,1.7018938555230614,16.44312506599019,15.320045458555231,0.6666666666666666,0.5389696835503565,0.21688599334511377,1.0,1.0,2818.0,910.3780000000002,0.0003474290674508247,0.004925761108583561,8.693636776651905,1.0997562820764277,0,0.5436506683284651,none,1.0,0.5436506683284651,185,exploratory,RAD51,ENSG00000051180,492.0,24.0,7.745595934959349,1.688241666666667,2.8120056813278898,1.3539706833715115,1.7018938555230614,3.6047482030628826e-17,4.785799956838052e-16,FDR Up-regulated,337.0,765.0,0.33401202121765927,0.008328032334186015,0.3256839888834733,1.5024767773491348e-07,7.3436034558099785e-06,1.0,True,validated,1.0,,,,,RAD51,RAD51 protein,3,0.9797165055453413,0.9701678429511892,0.9166666666666666,0.3020926780733107,0.9364697695599731,12
COL1A1,2.8734609417309707,9.089974900271402,8.48840402284216,0.6666666666666666,0.6666666666666666,0.15363112584196562,1.0,1.0,2560.0,742.3249999999997,0.00024200818607651717,0.0008175045495905369,5.644562584707227,2.267656915898065,0,0.6037988476852324,none,1.0,0.6037988476852324,8,high,COL1A1,ENSG00000108821,492.0,24.0,1182.8176863821132,160.54253333333332,9.397252360946196,6.733693937912616,2.8734609417309707,8.12877494460548e-10,3.2478501028671326e-09,FDR Up-regulated,337.0,766.0,0.4581476823918698,0.00596585953407544,0.4521818228577944,1.6128985485220065e-12,2.55644419940738e-09,1.0,True,validated,1.0,0.009569603637017228,0.009569603637017228,absolute_coefficient,86.0,COL1A1,Collagen alpha-1(I) chain,4,0.9940098452049108,0.9946622383014057,0.75,0.45248881473243907,0.9337977967541082,13
CSF3,4.357643025525719,4.387231823480852,4.066899014191385,0.5907859078590786,0.5907859078590786,0.12309649640738429,0.6,1.0,1705.0,573.6450000000002,0.00019509621034365622,0.0012163835810332624,3.9980755522185873,2.973801017783863,3,0.48927635116084395,none,1.0,0.48927635116084395,477,exploratory,CSF3,ENSG00000108342,436.0,24.0,4.487440366972478,111.499625,1.4936353909190663,4.2068713193474325,-4.357643025525719,4.0998519721881616e-05,8.572371540558605e-05,FDR Down-regulated,335.0,727.0,-0.03133258142077656,-0.002044216722654796,-0.029288364698121763,0.6539571653414661,0.7934104103221267,1.0,True,geo_weak_signal,0.5,-0.009323948372930171,0.009323948372930171,absolute_coefficient,99.0,CSF3,CSF3 protein,4,0.9954925567878536,0.9978648953205622,0.75,0.44184172985064796,0.9330125222369129,14
STX1A,2.5022817776478417,28.700820563538198,26.80231683858602,0.6666666666666666,0.6666666666666666,0.09805828885023637,1.0,1.0,1154.0,360.694,0.0002071002175998285,0.0007215366242038217,3.1838020454530715,4.16003637972716,3,0.5915728235470519,none,1.0,0.5915728235470519,26,high,STX1A,ENSG00000106089,492.0,24.0,14.463359959349596,1.7292416666666668,3.4772149217523975,1.4089242800266915,2.5022817776478417,1.9914959908909724e-29,1.5764607465921447e-27,FDR Up-regulated,337.0,765.0,0.3434160214127525,-0.008029117651003736,0.35144513906375624,1.8304116911860238e-07,8.553067839295712e-06,1.0,True,validated,1.0,0.008277144745198936,0.008277144745198936,absolute_coefficient,148.0,STX1A,STX1A protein,4,0.9916968151355199,0.9899768696993061,0.75,0.4591235722347055,0.9329235339238643,15
H2AC20,1.8662173296882645,11.20269722812595,10.460540704033695,0.6639566395663956,0.5629636286874524,0.16445225763092838,0.2,1.0,1849.0,687.0980000000005,0.00025474710998092096,0.00435686482661005,5.6666662747455625,0.2959775738603287,0,0.4258962332958464,none,1.0,0.4258962332958464,1123,background,H2AC20,ENSG00000184260,490.0,24.0,8.422573469387755,1.584533333333333,2.1639813355982427,1.3218908953570232,1.8662173296882645,6.270508658550977e-12,3.46305425783911e-11,FDR Up-regulated,,,,,,,,1.0,False,missing_geo,0.0,,,,,H2AC20,H2AC20 protein,3,0.9883755411897278,0.9845797995373939,0.9166666666666666,0.2500692789354713,0.9328572894811966,16
ADRB2,2.9987102741026037,21.516811027036038,20.045039965040193,0.6639566395663956,0.6639566395663956,0.09074068130517694,1.0,1.0,1443.0,428.022,0.00014530860312701673,0.0006516340612678193,3.056558201489051,3.9889757708926816,3,0.5882556328139682,none,1.0,0.5882556328139682,37,high,ADRB2,ENSG00000169252,490.0,24.0,9.062399795918367,79.42726666666668,2.879935156239975,6.209606314695431,-2.9987102741026037,3.042208482731469e-22,9.01488176227334e-21,FDR Down-regulated,320.0,708.0,-0.4201135135879667,-0.0006907169130304565,-0.41942279667493626,6.50232543410414e-09,7.361561295039331e-07,1.0,True,validated,1.0,-0.009154164462262212,0.009154164462262212,absolute_coefficient,106.0,ADRB2,ADRB2 protein,4,0.9851135757072534,0.9893244766028112,0.75,0.46922812258620666,0.9322207971931057,17
CD4,0.8370456403131626,19.38026991424953,18.054148331779327,0.6666666666666666,0.40059396911677264,0.3167114848850049,0.6,0.2,4120.0,1397.7379999999996,0.0005187273519678268,0.004455597260135477,12.226883990161221,-0.4350352103602003,4,0.36961314075600166,none,1.0,0.36961314075600166,2612,background,CD4,ENSG00000010610,492.0,24.0,83.2326867886179,149.47227916666665,6.073425165312766,7.200830242601696,-0.8370456403131626,4.166103794225832e-20,8.827783390321493e-19,Not significant,316.0,683.0,-0.006667255996829606,0.010206703738190812,-0.016873959735020417,0.8155317457974605,0.8969155045587217,1.0,True,geo_weak_signal,0.5,,,,,CD4,CD4 protein,3,0.998339363027104,0.9898582527726707,0.9166666666666666,0.2102544175644403,0.9297926989540669,18
ALB,6.817466670897006,10.933528704814105,10.206332459041592,0.44308943089430897,0.44308943089430897,0.36995931066889776,0.6,1.0,5499.0,1728.2820000000002,0.0004570279459091585,0.011364103098776668,16.910210482191022,3.424665569931357,4,0.45053738981057206,plasma_or_blood_marker,0.35,0.15768808643370022,12491,background,ALB,ENSG00000163631,327.0,16.0,145.5204611620795,0.29908124999999997,1.271865729129739,0.3591155934725393,6.817466670897006,1.1653900215152373e-11,6.218240871129246e-11,FDR Up-regulated,310.0,713.0,0.033700656180360146,-0.0010823201553885947,0.03478297633574874,0.7345933143547261,0.8479310052814905,1.0,True,geo_weak_signal,0.5,,,,,ALB,ALB protein,6,1.0,0.9998220746100469,0.8333333333333334,0.29861910324505353,0.9284039267850219,19
FAM183A,2.2869240443594165,3.9371356433232583,3.6431317727561408,0.6476964769647696,0.6145744259741358,0.06011535683134385,0.2,1.0,144.0,57.734000000000016,7.100960649809075e-05,0.008727157264179558,2.306611766383136,0.21221392949985604,3,0.4320633694161329,none,1.0,0.4320633694161329,1032,background,FAM183A,ENSG00000186973,478.0,24.0,12.895836820083687,66.8137,2.8082111183829914,4.850129435482581,-2.2869240443594165,0.0001155751209699111,0.00022744072300112875,FDR Down-regulated,,,,,,,,1.0,False,missing_geo,0.0,-0.004858601402027051,0.004858601402027051,absolute_coefficient,525.0,FAM183A,FAM183A protein,6,0.9965008006642548,0.9975683530039736,0.8333333333333334,0.30427481216073016,0.9275346277436074,20
CALML5,5.19507577783531,4.758699763913816,4.416725029685506,0.23529411764705882,0.23529411764705882,0.30833407801986473,0.6,1.0,3710.0,1154.29,0.0004979036856554944,0.010953573640177941,13.572723321032369,1.7068027184017465,4,0.3060687912820173,none,1.0,0.3060687912820173,5392,background,CALML5,ENSG00000178372,247.0,8.0,51.96367408906883,0.44578750000000006,1.5805171434493674,0.47174488838360595,5.19507577783531,1.7430114341351204e-05,3.830672026975009e-05,FDR Up-regulated,275.0,580.0,0.01252114391547035,0.0005477811558727086,0.011973362759597643,0.8813074277288978,0.9371387685118,1.0,True,geo_weak_signal,0.5,,,,,CALML5,CALML5 protein,6,0.9994662238301406,0.9993476069035051,0.8333333333333334,0.29509961758773606,0.9272707977686083,21
ANLN,3.3080510413487656,27.97412690982798,26.11459950246308,0.6666666666666666,0.6666666666666666,0.1041043548509434,0.2,1.0,1968.0,618.8969999999998,0.0001045123719139279,0.0006859929481346679,3.386012300734433,3.9540404569194023,3,0.4729029580672075,none,1.0,0.4729029580672075,558,background,ANLN,ENSG00000011426,492.0,24.0,26.90095528455285,1.8170624999999998,4.161722569581827,1.4255567514992515,3.3080510413487656,1.0613853531293383e-28,7.680694609061705e-27,FDR Up-regulated,,,,,,,,1.0,False,missing_geo,0.0,0.0066337898354071586,0.0066337898354071586,absolute_coefficient,276.0,ANLN,ANLN protein,4,0.9932981436450982,0.9932388351817805,0.75,0.41785111486175436,0.9254799921467484,22
GAPDH,1.6556000231347634,18.983502151195044,17.687058417570828,0.6666666666666666,0.5315626703682288,0.47002925265467377,1.0,1.0,9423.0,2868.319000000001,0.0004232189644199059,0.0038276589829137598,20.551781472074644,-0.20382111046923632,4,0.5950461177309342,housekeeping_gene,0.35,0.20826614120582695,10774,background,GAPDH,ENSG00000111640,492.0,24.0,1787.064778861789,566.5419666666668,10.534289481886434,9.104820268509272,1.6556000231347634,1.0387184573157282e-19,2.0556140738028748e-18,FDR Up-regulated,318.0,662.0,0.36881833136778724,0.00014664807421608272,0.36867168329357114,8.422634197461473e-09,8.90440318820549e-07,1.0,True,validated,1.0,,,,,GAPDH,GAPDH protein,3,0.9999406915366823,0.9995255322934583,0.9166666666666666,0.1705680358243119,0.9245727694504622,23
KIF14,2.0770737586909767,55.91360151649351,52.98774818376657,0.6470588235294118,0.5813808660555398,0.12274646403379001,1.0,1.0,2395.0,770.8190000000001,0.00010401540396953644,0.0007416780406430088,4.980458303603104,6.291104226919175,3,0.5465580655761175,none,1.0,0.5465580655761175,179,exploratory,KIF14,ENSG00000118193,492.0,22.0,4.722339227642277,0.35616363636363635,2.139898745925192,0.42862077330273946,2.0770737586909767,1.2201085865818054e-56,1.028612543917791e-53,FDR Up-regulated,337.0,764.0,0.3964601762185857,0.006024495223402996,0.3904356809951827,7.295203923708963e-10,1.471641591519108e-07,1.0,True,validated,1.0,,,,,KIF14,KIF14 protein,4,0.9994069153668228,0.9998813830733646,0.75,0.39172381475402857,0.9242213874703177,24
NPM1,0.6818247823210533,15.31597322538122,14.273497382402624,0.6666666666666666,0.37575863183803515,0.17360244289751448,1.0,0.2,2469.0,846.43,0.0002207524012928612,0.0038896629511677282,6.658371361572217,0.41479265346197713,0,0.40891184728688434,none,1.0,0.40891184728688434,1466,background,NPM1,ENSG00000181163,492.0,24.0,188.00158353658534,116.81910833333332,7.404364792481775,6.869093557317133,0.6818247823210533,4.830885839377856e-16,5.327244351716809e-15,Not significant,275.0,580.0,0.2855870835279877,0.01027224115838682,0.27531484236960085,0.00010715439946528168,0.001343365041883955,1.0,True,validated,1.0,,,,,NPM1,NPM1 protein,3,0.9868928296067849,0.9798944309352945,0.9166666666666666,0.21345289922310642,0.922830175847576,25
HIF1A,0.6625441680890136,4.17195803386733,3.8641527978524874,0.6666666666666666,0.3726737335609088,0.2519362106542942,1.0,0.2,4087.0,1277.4659999999994,0.00031523898157896147,0.0044840322009908,10.195205496807615,-1.2379288790129626,0,0.4105692920674494,none,1.0,0.4105692920674494,1425,background,HIF1A,ENSG00000100644,492.0,24.0,139.8189983739837,87.9642625,6.8895545251530415,6.377344690611735,0.6625441680890136,6.730416895587286e-05,0.00013672477021264726,Not significant,320.0,708.0,0.2035131393091433,-0.001378842430205037,0.20489198173934833,0.002847645180226537,0.016498497793531818,1.0,True,validated,1.0,,,,,HIF1A,HIF1A protein,3,0.9897989443093529,0.9838087895142636,0.9166666666666666,0.19234813230128428,0.9205473199076607,26
STAT1,0.8110761006866545,5.607831606033986,5.215432562977874,0.6666666666666666,0.39643884277653135,0.2324896661342649,1.0,0.2,2830.0,968.428,0.00040042657010661253,0.0038067277070063694,8.671175024708258,-0.7529435153983864,0,0.4234974074536292,none,1.0,0.4234974074536292,1166,background,STAT1,ENSG00000115415,492.0,24.0,133.45729857723583,75.63482083333332,6.748777590474738,6.1984340656846015,0.8110761006866545,2.466995708268288e-06,6.089300927698961e-06,Not significant,320.0,707.0,0.25677530225220835,0.002572187788562541,0.2542031144636458,0.0001711248961311359,0.0019255889681287553,1.0,True,validated,1.0,,,,,STAT1,STAT1 protein,3,0.9873672973133266,0.9770476246960441,0.9166666666666666,0.20500132597046086,0.9203376606456812,27
KIF20A,2.6610638645850093,17.11112424263041,15.94380433214076,0.6666666666666666,0.6666666666666666,0.12062575454078882,1.0,1.0,1963.0,654.6419999999999,0.00015140162371358085,0.0008305372308158933,4.2054022726324805,3.069996610881798,0,0.5965376659989735,none,1.0,0.5965376659989735,15,high,KIF20A,ENSG00000112984,492.0,24.0,17.77824512195122,1.968895833333333,3.819853580735539,1.4357764553266248,2.6610638645850093,7.742402720572186e-18,1.1381399500572591e-16,FDR Up-regulated,259.0,555.0,0.4546623598670939,-4.228707906362173e-10,0.4546623602899647,4.246366189154624e-11,2.243496803270026e-08,1.0,True,validated,1.0,0.00622548650405109,0.00622548650405109,absolute_coefficient,316.0,KIF20A,Kinesin-like protein KIF20A,4,0.9822074610046854,0.9836308641243106,0.75,0.4219927339859054,0.9189763478062757,28
HSPA9,0.5068807336884138,8.830499106006553,8.243600025657223,0.6666666666666666,0.34776758405681285,0.214598252573247,1.0,0.2,3738.0,1041.9599999999998,0.0002748640791827324,0.004818537685774947,9.023165846933189,-0.7791443204473069,0,0.3944808551995076,none,1.0,0.3944808551995076,1847,background,HSPA9,ENSG00000113013,492.0,24.0,84.45337256097561,59.13715833333334,6.291793706195814,5.89449106452141,0.5068807336884138,1.4774095228280578e-09,5.706896211776377e-09,Not significant,337.0,766.0,0.22309328976172943,0.0030642711753456485,0.22002901858638377,0.0008358309489401682,0.006453405969722454,1.0,True,validated,1.0,,,,,HSPA9,HSPA9 protein,3,0.9832157048810866,0.9834529387343574,0.9166666666666666,0.18984752299625568,0.9171635177194126,29
HJURP,2.951136661291515,22.149292395091663,20.63589960979469,0.6666666666666666,0.6666666666666666,0.07219521682115534,1.0,1.0,717.0,273.52099999999996,0.00013659932845096513,0.0012546917652411283,2.1113396868995076,4.087133956776129,3,0.5858829477006541,none,1.0,0.5858829477006541,47,high,HJURP,ENSG00000123485,492.0,24.0,14.408741869918698,0.9924458333333334,3.4122176079038744,0.8861664428936272,2.951136661291515,7.09100195170401e-23,2.3125993018893874e-21,FDR Up-regulated,277.0,626.0,0.375659026114761,0.01127167332240718,0.3643873527923538,1.4448814025039056e-07,7.124870738124814e-06,1.0,True,validated,1.0,0.0030077077717668337,0.0030077077717668337,absolute_coefficient,961.0,HJURP,HJURP protein,4,0.985825277267066,0.9865369788268786,0.75,0.40179975504488324,0.9168937055706058,30
TEK,3.1353286343556652,15.455039199653234,14.3992970222907,0.6666666666666666,0.6666666666666666,0.08122018759841676,1.0,1.0,1279.0,376.273,0.0001327864214911132,0.0006231991204124962,2.5784319908595235,3.6041882368709293,3,0.5878684412716516,none,1.0,0.5878684412716516,40,high,TEK,ENSG00000120156,492.0,24.0,7.656146951219511,75.05934583333332,2.757085044770018,6.037433107648027,-3.1353286343556652,3.507202163287441e-16,3.9875209491024644e-15,FDR Down-regulated,337.0,765.0,-0.1654196612147244,-0.004241050225610272,-0.16117861098911412,0.01111459633818953,0.046612809463321074,1.0,True,validated,1.0,-0.0069137571898952805,0.0069137571898952805,absolute_coefficient,243.0,TEK,TEK protein,4,0.9663721012988553,0.9864183619002431,0.75,0.4378072655183912,0.9166970611129208,31
TRIM28,0.49082441201382093,7.308153560220516,6.8158300534090746,0.6666666666666666,0.34519857258887804,0.2676878033138795,0.6,0.2,2658.0,938.011,0.000550513703222676,0.004266425917500758,9.575783675955378,-1.5933991411492103,0,0.33532676878069323,none,1.0,0.33532676878069323,3795,background,TRIM28,ENSG00000130726,492.0,24.0,216.44206808943093,153.7357625,7.625141143037831,7.2558075170994245,0.49082441201382093,4.9186558840311496e-08,1.5281639369937206e-07,Not significant,337.0,766.0,0.11209397392695665,0.006870241962273255,0.10522373196468339,0.13117396115287727,0.28116084658066254,1.0,True,geo_weak_signal,0.5,,,,,TRIM28,TRIM28 protein,3,0.9936539944250045,0.983749481050946,0.9166666666666666,0.16264846123798454,0.9156073499436052,32
BUB1B,2.4606714231134035,21.41770558704285,19.948218287444956,0.6666666666666666,0.6603740943648112,0.13750811832623802,1.0,1.0,1716.0,585.754,0.0002559769602044123,0.000703369856435143,4.637876967295375,3.1921006216223375,0,0.5966020940966962,none,1.0,0.5966020940966962,14,high,BUB1B,ENSG00000156970,492.0,24.0,9.555408739837397,0.9175166666666668,2.941755220691113,0.8613391960489989,2.4606714231134035,3.822032828028112e-22,1.1266310404437412e-20,FDR Up-regulated,318.0,699.0,0.3578289487492879,0.0011901887512108969,0.356638759998077,6.247075919385932e-08,3.8083135893179623e-06,1.0,True,validated,1.0,0.004306602630396874,0.004306602630396874,absolute_coefficient,644.0,BUB1B,BUB1B protein,4,0.9833936302710397,0.9794199632287527,0.75,0.40315065114318493,0.9140980615732827,33
RNF41,0.3443223087486817,11.808432349214312,11.026374220333144,0.6666666666666666,0.3217582360664557,0.06121600760167413,0.6,0.2,902.0,232.90099999999998,5.155045358368165e-05,0.004928723081589324,2.111577990046208,-0.10745830994505239,1,0.31264661458635123,none,1.0,0.31264661458635123,4969,background,RNF41,ENSG00000181852,492.0,24.0,26.0152906504065,33.297383333333336,4.673429479420045,5.08959167662138,-0.3443223087486817,1.554417406141069e-12,9.4107834416318e-12,Not significant,301.0,641.0,-0.0321615804197573,0.0004950911777388949,-0.0326566715974962,0.6552904360001339,0.7944107722269981,1.0,True,geo_weak_signal,0.5,,,,,RNF41,RNF41 protein,3,0.982919162564498,0.9884348496530455,0.9166666666666666,0.15744411211098924,0.911383857627156,34
DLGAP5,2.9537367091969524,22.772099642498095,21.22555182752174,0.6666666666666666,0.6666666666666666,0.07973642271160886,1.0,1.0,993.0,327.7339999999999,0.0001454167446541332,0.0009478313618441007,2.4848253699871075,4.120632942299749,3,0.5875420129965538,none,1.0,0.5875420129965538,41,high,DLGAP5,ENSG00000126787,492.0,24.0,16.36270223577236,1.2410625000000002,3.5660951331410846,1.0609212001882005,2.9537367091969524,1.6900531292584952e-23,5.949057580882565e-22,FDR Up-regulated,337.0,763.0,0.3518639204233266,0.009765272364716093,0.3420986480586105,3.279688652337891e-08,2.3628665972525256e-06,1.0,True,validated,1.0,0.003355092019722066,0.003355092019722066,absolute_coefficient,865.0,DLGAP5,DLGAP5 protein,4,0.9727774153371687,0.9807840578850602,0.75,0.4074876202626883,0.9110464886061033,35
CDH1,0.9199853786383487,6.859829964876719,6.395174920772276,0.6666666666666666,0.4138643272488025,0.2547735265582647,0.2,0.2,3760.0,1198.4520000000002,0.00037194129863445254,0.004112403321201092,9.577933423980873,-1.5882361089987227,0,0.3145846783062024,none,1.0,0.3145846783062024,4846,background,CDH1,ENSG00000039068,492.0,24.0,236.89378882113826,124.73028750000003,7.632511262124339,6.894911272323482,0.9199853786383487,1.3809248189318053e-07,4.0255486466129273e-07,Not significant,337.0,766.0,-0.1272787908368498,-0.025427243174126677,-0.10185154766272311,0.17377782559436028,0.34209811479230434,1.0,False,geo_weak_signal,0.0,,,,,CDH1,CDH1 protein,3,0.9874266057766443,0.9691002906114703,0.9166666666666666,0.16705384038931823,0.9097028079237357,36
BIRC5,3.38204092204588,18.69507249971174,17.419526690116736,0.6666666666666666,0.6666666666666666,0.1149278792897231,1.0,1.0,1915.0,583.7099999999999,0.0001664564231233333,0.0006445253260539885,4.1067009904343434,3.9368552658909786,3,0.595284133443739,none,1.0,0.595284133443739,19,high,BIRC5,ENSG00000089685,492.0,24.0,36.97252621951219,2.6422833333333333,4.649684767466615,1.67452469533857,3.38204092204588,2.018029452271647e-19,3.806039663842532e-18,FDR Up-regulated,318.0,698.0,0.306908110683819,0.010418813311719045,0.29648929737209995,2.440317010223408e-05,0.0004210780284359053,1.0,True,validated,1.0,0.003458311442381399,0.003458311442381399,absolute_coefficient,840.0,BIRC5,Survivin,4,0.9602633295771307,0.9855287349504774,0.75,0.41754964336587996,0.9094546263071313,37
PTEN,0.3851104972775269,7.9442815845077766,7.412879932607057,0.6666666666666666,0.32828434623107094,0.29595125618930646,0.2,0.2,4855.0,1478.7189999999998,0.0004036048549104735,0.0039074347892023055,11.514357697085073,-2.2495848056004344,0,0.266760109419684,none,1.0,0.266760109419684,7550,background,PTEN,ENSG00000171862,492.0,24.0,25.138511788617894,33.135845833333335,4.592473847481713,5.065811983955674,-0.3851104972775269,1.1368899188849053e-08,3.864738089177094e-08,Not significant,318.0,698.0,0.036791060250193915,8.670711705733336e-05,0.03670435313313658,0.6304698979623974,0.776055450828431,1.0,False,geo_weak_signal,0.0,,,,,PTEN,PTEN protein,3,0.9898582527726707,0.9875452227032797,0.9166666666666666,0.13293881461154794,0.9086205522917821,38
KIF23,2.040871489881612,32.47729634415547,30.393427816018647,0.6666666666666666,0.5932061050477245,0.12431833572477789,1.0,1.0,2046.0,683.3179999999999,0.00015615544759102338,0.0005900250227479527,4.45964268387071,3.957910031143777,0,0.5547429081204647,none,1.0,0.5547429081204647,160,exploratory,KIF23,ENSG00000137807,492.0,24.0,9.683688008130083,1.5963166666666666,2.9943490334803182,1.3523408092328164,2.040871489881612,3.331989743108556e-33,4.041775471838371e-31,FDR Up-regulated,337.0,766.0,0.32395056014443896,0.00914312480503873,0.31480743533940025,1.972333023209534e-06,5.639957446523139e-05,1.0,True,validated,1.0,0.0012625187504137745,0.0012625187504137745,absolute_coefficient,1539.0,KIF23,KIF23 protein,4,0.9810806002016488,0.9929422928651919,0.75,0.3614758952106458,0.9079466373236819,39
CCNA2,2.619287389846812,16.13621622555215,15.03773216587904,0.6666666666666666,0.6666666666666666,0.17430430690555954,1.0,1.0,2485.0,805.7589999999999,0.00029580457918083447,0.0007333845162268729,6.249476900686428,2.6013209131687702,0,0.608346947519223,none,1.0,0.608346947519223,5,high,CCNA2,ENSG00000145386,492.0,24.0,22.786759959349595,2.8712499999999994,4.047049738806862,1.7972160368369094,2.619287389846812,7.307751562171056e-17,9.16785707513141e-16,FDR Up-regulated,337.0,766.0,0.2967537302283421,0.013412011068438328,0.2833417191599038,1.9261567984448693e-05,0.00034749121428855,1.0,True,validated,1.0,0.002697134904102293,0.002697134904102293,absolute_coefficient,1060.0,CCNA2,Cyclin A2,4,0.974141509993476,0.98208884407805,0.75,0.3855924659107446,0.9071864685362937,40
PCSK9,1.3394836715852607,31.63886919644278,29.602317566222155,0.6422764227642277,0.46338707653054106,0.06883699283351757,0.2,0.65,1434.0,366.8760000000001,8.547265390517306e-05,0.0007310149378222627,1.8709130494162114,2.6300961558298948,3,0.34072201550111825,none,1.0,0.34072201550111825,3583,background,PCSK9,ENSG00000169174,474.0,24.0,8.781823417721515,23.75395416666667,2.1769356049182087,4.574392424633948,-1.3394836715852607,2.2968403208320252e-32,2.4985177193257274e-30,Nominal Down-regulated,,,,,,,,1.0,False,missing_geo,0.0,-0.009023052223175163,0.009023052223175163,absolute_coefficient,116.0,PCSK9,PCSK9 protein,4,0.9899768696993061,0.9965601091275725,0.75,0.3351168986266124,0.9069077483662529,41
IL7R,2.1773929656564226,9.336007799060498,8.720316531538016,0.6666666666666666,0.6150495411716943,0.11312204436654814,0.6,1.0,1618.0,548.3159999999999,0.00017272887048022014,0.0008814831665150137,3.3790641189206423,1.4774154421143597,0,0.5049489169735566,none,1.0,0.5049489169735566,382,exploratory,IL7R,ENSG00000168685,492.0,24.0,30.24325040650407,140.3242875,4.476314218787846,6.79983364374807,-2.1773929656564226,4.613092902935562e-10,1.904072446423415e-09,FDR Down-regulated,337.0,766.0,-0.07434701098568561,0.001332585500660319,-0.07567959648634592,0.28183255721207573,0.47224782470104587,1.0,True,geo_weak_signal,0.5,-0.0067410506883948266,0.0067410506883948266,absolute_coefficient,260.0,IL7R,IL7R protein,4,0.9877231480932329,0.9800723563252476,0.75,0.3606988799210732,0.9067631045065145,42
NUF2,2.8729634685613794,28.42309128052983,26.54256092658955,0.6666666666666666,0.6666666666666666,0.09606720598128989,0.2,1.0,1421.0,428.32099999999997,0.00016082011219304042,0.0010106251895662724,2.8821048709227033,3.593803723277321,3,0.4711347853158837,none,1.0,0.4711347853158837,571,background,NUF2,ENSG00000143228,492.0,24.0,13.09293719512195,0.9237708333333333,3.30973208523534,0.8808572737427417,2.8729634685613794,3.774928406933033e-29,2.8670751292476514e-27,FDR Up-regulated,,,,,,,,1.0,False,missing_geo,0.0,0.001593542724234052,0.001593542724234052,absolute_coefficient,1428.0,NUF2,NUF2 protein,4,0.9845204910740762,0.9907478797224364,0.75,0.3499615889990669,0.9062025683562984,43
ASPM,2.315328378531421,43.315245046690684,40.76960295567536,0.6666666666666666,0.637119207231694,0.10462424385280669,1.0,1.0,1319.0,412.33400000000006,0.00016477813403227302,0.003350583864118896,4.261324252698541,5.124156574346397,3,0.5758798071753333,none,1.0,0.5758798071753333,88,medium,ASPM,ENSG00000066279,492.0,23.0,6.708352439024391,0.5487391304347825,2.535090456972497,0.6113274319214846,2.315328378531421,4.838992548103853e-44,1.6997969448662305e-41,FDR Up-regulated,277.0,626.0,0.4381449822532282,0.009118329116943689,0.42902665313628446,1.2132628205231423e-10,4.202122899327367e-08,1.0,True,validated,1.0,0.0035763124476913084,0.0035763124476913084,absolute_coefficient,800.0,ASPM,ASPM protein,7,0.9970938852974319,0.9994662238301406,0.6666666666666666,0.42467534096664455,0.9059779001276566,44
LRRK2,1.9842686864272492,20.439183622536724,19.052406388602567,0.6666666666666666,0.5841496564950265,0.1595689508063849,0.2,1.0,3046.0,961.213,0.00015625131782274172,0.0009134724749772521,5.613551022330157,1.6122774341912531,0,0.4372453032778534,none,1.0,0.4372453032778534,967,background,LRRK2,ENSG00000188906,492.0,24.0,26.148808943089435,106.41753333333334,3.6362687174054704,6.605171680265357,-1.9842686864272492,3.637612030018495e-21,8.86326249106096e-20,FDR Down-regulated,,,,,,,,1.0,False,missing_geo,0.0,0.0048525134302526305,0.0048525134302526305,absolute_coefficient,526.0,LRRK2,LRRK2 protein,4,0.9937133028883222,0.9887907004329518,0.75,0.32802504134126864,0.904625536384939,45
CALM3,0.08063423398277994,2.4076438753837737,2.2063531158445304,0.6666666666666666,0.22691426636024692,0.3287299855405398,0.2,0.2,4186.0,1312.6429999999993,0.0006101302152159617,0.004417881470528764,12.214743122826246,-3.3202085676475215,4,0.20940772718606027,none,1.0,0.20940772718606027,10735,background,CALM3,ENSG00000160014,492.0,24.0,109.36034227642274,115.70416666666667,6.670459438048785,6.846268362731685,-0.08063423398277994,0.00391161519592688,0.006217945113464987,Not significant,335.0,720.0,0.011121263978273066,-0.0032750232701396777,0.014396287248412744,0.8326224758790884,0.9073637120028057,1.0,False,geo_weak_signal,0.0,,,,,CALM3,CALM3 protein,3,0.9976276614672914,0.9926457505486033,0.9166666666666666,0.0896417797901445,0.9038290661789845,46
ZWINT,2.5134466822262387,17.680472718819765,16.470204937986026,0.6666666666666666,0.6666666666666666,0.07141067560894397,1.0,1.0,684.0,250.192,0.00014558153090672753,0.0012167785107673643,1.9669645987618662,3.250234830390672,3,0.5857103486339676,none,1.0,0.5857103486339676,50,high,ZWINT,ENSG00000122952,492.0,24.0,46.47370264227642,7.3143875,5.171733322003145,2.9428465003130992,2.5134466822262387,2.0870232208330297e-18,3.386842976560704e-17,FDR Up-regulated,318.0,699.0,0.3136964675531255,0.00505572089285707,0.3086407466602685,2.6244541525818915e-06,6.999595870888482e-05,1.0,True,validated,1.0,0.0024329180365757273,0.0024329180365757273,absolute_coefficient,1150.0,ZWINT,ZWINT protein,4,0.9715912460708143,0.9804875155684716,0.75,0.3732027041084471,0.9029392752308075,47
ECT2,2.06243493486754,30.43302367255787,28.444186447295746,0.6666666666666666,0.596656256245473,0.08951572178300216,1.0,1.0,1652.0,522.3969999999999,8.526942397772684e-05,0.0011610934182590233,3.231310353626892,3.9327177503987585,3,0.5490874207479681,none,1.0,0.5490874207479681,174,exploratory,ECT2,ENSG00000114346,492.0,24.0,33.05096178861789,7.152195833333334,4.701764828479677,2.9987768142793354,2.06243493486754,3.689574868582403e-31,3.5959492404143295e-29,FDR Up-regulated,277.0,626.0,0.3924238777295804,-0.0018713990890383036,0.3942952768186187,2.1626365819272788e-08,1.6662814497557749e-06,1.0,True,validated,1.0,,,,,ECT2,ECT2 protein,4,0.9835122471976752,0.9858845857303837,0.75,0.3423846184987491,0.9026967351357186,48
EZH2,2.18743570419222,20.298345466171888,18.919034796923082,0.6666666666666666,0.6166563793374218,0.21937453283537509,1.0,1.0,3611.0,1123.323,0.00031122747842839946,0.0013506596906278435,8.538438920705865,2.2391409352986344,0,0.5892564305728204,none,1.0,0.5892564305728204,31,high,EZH2,ENSG00000106462,492.0,24.0,16.279834959349593,2.7936375000000004,3.787243317593266,1.859128330477861,2.18743570419222,5.031002508030171e-21,1.2049393932939873e-19,FDR Up-regulated,337.0,765.0,0.414817580430926,0.013488220601811323,0.40132935982911466,7.03418932808142e-10,1.4452653813900623e-07,1.0,True,validated,1.0,,,,,EZH2,EZH2 protein,4,0.982504003321274,0.9845204910740762,0.75,0.3431367768066167,0.9020443312954453,49
MMP9,1.9017173849921076,5.561735563021005,5.171556033719819,0.6666666666666666,0.5709414482654038,0.20090871349753517,1.0,1.0,3330.0,1038.6950000000002,0.00028569526965237804,0.0008992550045495906,7.438918056214813,0.7239129099281039,0,0.5586792902967253,none,1.0,0.5586792902967253,151,exploratory,MMP9,ENSG00000100985,492.0,24.0,87.26938455284551,22.62305833333333,5.6656925343762214,3.696788387451288,1.9017173849921076,2.7432439936291334e-06,6.736649719863212e-06,FDR Up-regulated,337.0,766.0,0.2726136378094814,-0.005665115457679833,0.2782787532671612,7.981176342783234e-06,0.0001729514678187109,1.0,True,validated,1.0,0.001892626134119576,0.001892626134119576,absolute_coefficient,1318.0,MMP9,MMP9 protein,4,0.9931795267184628,0.9909851135757073,0.75,0.31416052908945974,0.9020021990135408,50
FYN,0.6841259955107769,6.8860628810538165,6.4199788642936175,0.6666666666666666,0.376126825948391,0.1937635417649004,0.6,0.2,2535.0,782.6000000000003,0.000330083422940381,0.004127805580831059,7.152459197243276,-1.0051403959343956,0,0.3500124882210557,none,1.0,0.3500124882210557,3258,background,FYN,ENSG00000010810,492.0,24.0,20.306651422764233,33.234,4.182017519485342,5.006000851871631,-0.6841259955107769,1.2999813414375873e-07,3.802078993578345e-07,Not significant,337.0,765.0,-0.11023677603095682,-0.00238410258677855,-0.10785267344417826,0.13186757336606952,0.28228260206377415,1.0,True,geo_weak_signal,0.5,,,,,FYN,FYN protein,3,0.9676175790285274,0.9561117371448906,0.9166666666666666,0.17387576320077705,0.8991818543069525,51
KRT5,1.2837729911660634,2.116454675750914,1.9344245646277287,0.6368563685636857,0.3759359797885129,0.09432808761454968,0.2,0.65,1538.0,414.78599999999994,0.00011130160041109986,0.003989185244161359,3.083696122722435,-0.7083226451407033,0,0.29337460323440234,none,1.0,0.29337460323440234,6071,background,KRT5,ENSG00000186081,470.0,24.0,51.50564404255318,20.565116666666665,2.1387185342634725,3.196682748370471,1.2837729911660634,0.007647955005812134,0.011629885403408945,Nominal Up-regulated,337.0,766.0,-0.04493053469154707,-0.000185770265999379,-0.044744764425547694,0.4937668487085719,0.6730151334670277,1.0,False,geo_weak_signal,0.0,0.003208920413665422,0.003208920413665422,absolute_coefficient,912.0,KRT5,KRT5 protein,3,0.9411660043888262,0.9765731569895024,0.9166666666666666,0.19547770279497614,0.8989446485078147,52
DNMT1,0.5391109554126721,3.9403215685269943,3.6461656074376068,0.6666666666666666,0.3529244195326942,0.18111572196736186,0.6,0.2,3299.0,922.5520000000001,0.0002051099849165874,0.004401491886563543,7.248813876606077,-1.3981663842730516,0,0.3359985884288599,none,1.0,0.3359985884288599,3760,background,DNMT1,ENSG00000130816,492.0,24.0,21.033839024390247,14.163575000000002,4.272303804953397,3.872753187254084,0.5391109554126721,0.00011473037985560229,0.00022585743546355052,Not significant,337.0,766.0,0.17474851925312943,0.010635567328016645,0.16411295192511277,0.017716572864769464,0.06556550231308113,1.0,True,geo_weak_signal,0.5,,,,,DNMT1,DNMT1 protein,3,0.9662534843722199,0.9677361959551628,0.9166666666666666,0.1580056630297179,0.8985346436687933,53
PYGM,0.7291022990712414,7.816572517941351,7.293582143182979,0.6585365853658537,0.37864836336540597,0.08964741945776253,1.0,0.2,1213.0,350.2589999999999,0.00012881714942932068,0.0037119445708219596,3.1655088622882603,0.2534735516059353,0,0.4064873664763696,none,1.0,0.4064873664763696,1521,background,PYGM,ENSG00000068976,486.0,24.0,0.9485113168724278,2.2298666666666667,0.815079546088123,1.6136933659111428,-0.7291022990712414,1.5255536385284188e-08,5.086486039000923e-08,Not significant,337.0,766.0,-0.18872671763520432,-0.003923864898471862,-0.18480285273673247,0.011422160661152442,0.04756846682739639,1.0,True,validated,1.0,,,,,PYGM,PYGM protein,3,0.935591008836961,0.9795385801553882,0.9166666666666666,0.1997874845561603,0.8984468814650345,54
PSMC5,0.44587863681320516,13.376206710093546,12.477499043140952,0.6666666666666666,0.33800724855677944,0.12079457016497003,0.6,0.2,1987.0,595.115,0.00013315841778176006,0.00376052092811647,4.422100711090661,-0.11897664820742308,0,0.32469249858352406,none,1.0,0.32469249858352406,4299,background,PSMC5,ENSG00000087191,492.0,24.0,78.04221565040649,57.02782083333333,6.211290348781179,5.8521918753176605,0.44587863681320516,4.205264237985284e-14,3.330434960858143e-13,Not significant,337.0,766.0,0.15818462378928544,0.013657568209465986,0.14452705557981946,0.038710002797530146,0.11705845762839928,1.0,True,geo_weak_signal,0.5,,,,,PSMC5,PSMC5 protein,3,0.963525295059605,0.9624577427198862,0.9166666666666666,0.16845668141557987,0.8981525317784698,55
TGFB1,0.4815349442834533,9.658075233023608,9.019575673011419,0.6666666666666666,0.3437122577520192,0.24794405267153938,0.6,0.2,3536.0,1131.268,0.00035791135419308294,0.005298377312708523,9.732111320011397,-1.3662834402239883,0,0.33359598114705213,none,1.0,0.33359598114705213,3865,background,TGFB1,ENSG00000105329,492.0,24.0,81.2969530487805,113.90534166666664,6.121409727948661,6.803084571743054,-0.4815349442834533,2.197479169530595e-10,9.55926116549416e-10,Not significant,320.0,708.0,-0.03602616568823578,-0.0028089277600339417,-0.03321723792820184,0.651272774160983,0.791589789938379,1.0,True,geo_weak_signal,0.5,,,,,TGFB1,TGFB1 protein,3,0.9659569420556313,0.9606784888203547,0.9166666666666666,0.16613783448680403,0.8981309962316739,56
RACK1,0.3396906281923633,3.1778424394502442,2.9292309526699625,0.6666666666666666,0.3210171671774448,0.2148652143434526,0.2,0.2,2939.0,1013.8389999999998,0.0002905550688187555,0.004775885274491963,7.767649542319951,-2.278126145003025,0,0.2589773597273632,none,1.0,0.2589773597273632,8086,background,RACK1,ENSG00000204628,492.0,24.0,592.529450203252,468.0133500000001,9.070035896639231,8.8517307838056,0.3396906281923633,0.000663983917799941,0.0011769799030724145,Not significant,,,,,,,,1.0,False,missing_geo,0.0,,,,,RACK1,RACK1 protein,3,0.978945495522211,0.9767510823794555,0.9166666666666666,0.11925520300310666,0.8979292927773727,57
CDC25C,2.0563149986791496,30.388209754195806,28.401875674087492,0.6470588235294118,0.5781571527360562,0.09313291506127067,1.0,1.0,1215.0,392.561,0.00016473448755848036,0.0011243649529875644,3.103765697588971,3.9004274942185972,3,0.5381733310768627,none,1.0,0.5381733310768627,205,exploratory,CDC25C,ENSG00000158402,492.0,22.0,4.675603861788617,0.3645818181818182,2.1674969553764734,0.42365843374549483,2.0563149986791496,4.090630440173946e-31,3.9639149340099377e-29,FDR Up-regulated,337.0,766.0,0.408396608279106,0.002283069343420412,0.4061135389356856,6.725718552806832e-11,2.8700710516689152e-08,1.0,True,validated,1.0,,,,,CDC25C,CDC25C protein,4,0.9702864598778246,0.9846984164640294,0.75,0.33771573378681163,0.8958385927425049,58
SMAD6,2.565240366509467,9.102408506788965,8.500219709670128,0.6666666666666666,0.6666666666666666,0.05254820192989912,1.0,1.0,954.0,258.42900000000003,7.060595521422385e-05,0.0008814831665150137,1.3783350894487185,2.6130355747874137,3,0.5815606044245777,none,1.0,0.5815606044245777,64,medium,SMAD6,ENSG00000137834,492.0,24.0,4.9701158536585375,34.33434583333334,2.3581638588443017,4.72982627551853,-2.565240366509467,7.899352482442959e-10,3.160678267832718e-09,FDR Down-regulated,336.0,748.0,-0.28988504927439773,-0.003945360666160835,-0.2859396886082369,2.9451008312762133e-05,0.0004913668229023998,1.0,True,validated,1.0,,,,,SMAD6,SMAD6 protein,4,0.9708795445110017,0.9882569242630923,0.75,0.330836479518554,0.8956158677103311,59
PBK,2.779173207357267,18.860811570194276,17.57494248550893,0.6666666666666666,0.6666666666666666,0.0832964047241861,1.0,1.0,1474.0,398.6090000000001,0.00012063155090606262,0.0012001914619350926,2.9309737729841925,3.5115151776390015,3,0.5883252090393208,none,1.0,0.5883252090393208,36,high,PBK,ENSG00000168078,492.0,24.0,15.49835162601626,1.4034000000000002,3.428057964725359,1.1563456504222984,2.779173207357267,1.377807136210886e-19,2.6610774482991697e-18,FDR Up-regulated,277.0,626.0,0.33687711643922524,0.007878518163653526,0.3289985982755717,1.920658458957849e-06,5.520649119724698e-05,1.0,True,validated,1.0,0.0033743389568726403,0.0033743389568726403,absolute_coefficient,857.0,PBK,PBK protein,4,0.9454955222110195,0.9743787438467469,0.75,0.3950562638991248,0.895125745248471,60
POLE2,1.8540881892147285,26.870462791105698,25.06518338958461,0.6666666666666666,0.5633207769410232,0.06875481505096152,1.0,1.0,865.0,300.47900000000004,0.00011093120282494315,0.0011575390506521081,2.022594303845572,3.525073459080353,3,0.5251854432703383,none,1.0,0.5251854432703383,245,exploratory,POLE2,ENSG00000100479,492.0,24.0,7.411906504065041,1.3267958333333334,2.7701169556152565,1.1899167646842388,1.8540881892147285,1.3475261719207263e-27,8.606302569983094e-26,FDR Up-regulated,318.0,698.0,0.2844838412909083,0.004828539227481056,0.27965530206342726,3.182815980486731e-05,0.0005193138721102982,1.0,True,validated,1.0,,,,,POLE2,POLE2 protein,4,0.9796571970820236,0.9825633117845917,0.75,0.31930076610339964,0.8950565473235254,61
VWF,2.2888072563676394,17.133844048261732,15.964626823780643,0.6666666666666666,0.6328758276854889,0.14799486012562424,1.0,1.0,2556.0,756.709,0.0002075382147443074,0.0010911908553230209,5.544751629764604,2.493577075465869,0,0.5829601826185542,none,1.0,0.5829601826185542,59,medium,VWF,ENSG00000110799,492.0,24.0,66.37078455284554,328.2086541666667,5.59920093433957,8.217847875389717,-2.2888072563676394,7.34777673682006e-18,1.084858700170955e-16,FDR Down-regulated,317.0,738.0,-0.26772319940829575,-8.620167886813077e-05,-0.2676369977294276,0.0002524665459001072,0.00255809710206547,1.0,True,validated,1.0,-0.0009521328935585062,0.0009521328935585062,absolute_coefficient,1655.0,VWF,VWF protein,4,0.9715319376074966,0.9717098629974498,0.75,0.3480085594395499,0.8948125495079547,62
RRM2,2.7581671652312565,17.020775895532694,15.860247890374028,0.6666666666666666,0.6666666666666666,0.11222429571060377,1.0,1.0,1682.0,516.147,0.0001869532939221954,0.0007630042462845011,3.825282826988592,3.192115526850717,0,0.5946893450563328,none,1.0,0.5946893450563328,21,high,RRM2,ENSG00000171848,492.0,24.0,20.91605243902439,2.23945,3.945367370094177,1.5355288822555657,2.7581671652312565,9.53287952399828e-18,1.3795965817123143e-16,FDR Up-regulated,337.0,766.0,0.4087417657854649,0.009944612719186985,0.3987971530662779,4.866861078740068e-10,1.0587808562474716e-07,1.0,True,validated,1.0,0.0030757244869829476,0.0030757244869829476,absolute_coefficient,946.0,RRM2,RRM2 protein,4,0.9449024375778423,0.9738449676768874,0.75,0.39024946052090753,0.893667978810498,63
SETDB1,0.5319733951718897,6.43952899637564,5.999397090130285,0.6666666666666666,0.351782409894169,0.12362021086695928,0.2,0.2,2184.0,577.869,0.00013352191062969006,0.004948864498028511,4.641568633951379,-1.2918018614169657,0,0.27280642035009756,none,1.0,0.27280642035009756,7171,background,SETDB1,ENSG00000143379,492.0,24.0,15.962443089430893,10.731362500000001,3.948938470731704,3.5242947034364023,0.5319733951718897,3.6347203593578377e-07,1.0013892153453023e-06,Not significant,337.0,766.0,-0.10024204443123202,-0.004007608245714147,-0.09623443618551787,0.17003024992031676,0.33663198123945653,1.0,False,geo_weak_signal,0.0,,,,,SETDB1,SETDB1 protein,3,0.9572385979479272,0.976869699306091,0.9166666666666666,0.1371514766410849,0.892890400301926,64
RANBP2,0.13685097847325106,1.4022436477968816,1.2683615160907138,0.6666666666666666,0.14654003635988744,0.18530794167936204,0.6,0.2,3354.0,901.0050000000002,0.00022952596656697992,0.004596982104943888,7.427405384644933,-2.0813928689733188,0,0.21648010385595995,none,1.0,0.21648010385595995,10501,background,RANBP2,ENSG00000153201,492.0,24.0,31.27416280487805,34.485525,4.874816487952724,5.084462422276039,-0.13685097847325106,0.03960557767890928,0.05390617091088871,Not significant,337.0,766.0,-0.13232637794400934,-0.007612078857465888,-0.12471429908654345,0.055073459208047716,0.1514001888874436,1.0,True,geo_weak_signal,0.5,,,,,RANBP2,RANBP2 protein,3,0.9763952315995492,0.979775814008659,0.9166666666666666,0.09236075563794265,0.8918515174959534,65
SUMO1,0.401154699616767,9.757364890872301,9.11117850219382,0.6666666666666666,0.3308514186053494,0.17487325719618313,0.2,0.2,2985.0,848.6179999999999,0.0002062811627101186,0.005012843114952988,6.801675249447852,-1.418810620123295,0,0.26292157944106803,none,1.0,0.26292157944106803,7800,background,SUMO1,ENSG00000116030,492.0,24.0,166.24073170731705,125.64337083333334,7.309492028441743,6.975440416897913,0.401154699616767,1.748377098395852e-10,7.741435466400332e-10,Not significant,335.0,720.0,-0.01404142928824051,-0.008027917652523482,-0.0060135116357170285,0.931761409788608,0.9646256267243264,1.0,False,geo_weak_signal,0.0,,,,,SUMO1,SUMO1 protein,3,0.9583061502876461,0.9698713006346006,0.9166666666666666,0.1353560279713246,0.8908899585904589,66
ARRB1,1.3659110798557903,17.020870629246303,15.860247890374028,0.6666666666666666,0.4852124394435931,0.1712860429739498,1.0,0.65,1911.0,799.1600000000005,0.00027840799850905874,0.001244028662420382,5.648991617394344,1.5274390816627461,0,0.48925045235589215,none,1.0,0.48925045235589215,478,exploratory,ARRB1,ENSG00000137486,492.0,24.0,21.11215752032521,55.9916625,4.201316780065236,5.774303829442885,-1.3659110798557903,9.530800320537407e-18,1.3795965817123143e-16,Nominal Down-regulated,277.0,626.0,-0.28118545295744596,-0.016397274907874747,-0.2647881780495712,0.0005075905743564257,0.004345460974139308,1.0,True,validated,1.0,,,,,ARRB1,ARRB1 protein,4,0.9871300634600557,0.9938912282782754,0.75,0.270666262263039,0.8907932872507761,67
HSPA4,0.31992235939964775,4.041624032673857,3.7413917813718287,0.6666666666666666,0.3178542441706103,0.3362057206054245,1.0,0.2,4980.0,1518.699,0.00043703575098337396,0.010567134895359417,14.84901139256938,-2.689181754234283,4,0.38248184665892593,none,1.0,0.38248184665892593,2228,background,HSPA4,ENSG00000170606,492.0,24.0,81.49338841463415,65.08652500000001,6.2570491343483,6.030705248145046,0.31992235939964775,9.086067677429484e-05,0.00018138786065491184,Not significant,337.0,766.0,0.3095567307769368,-0.0013143921249081664,0.310871122901845,5.201201721900926e-06,0.00012148912232524374,1.0,True,validated,1.0,,,,,HSPA4,HSPA4 protein,6,0.9806061324951071,0.9942470790581815,0.8333333333333334,0.16994485296039544,0.8904729562093407,68
RPS6,0.31307046563644664,1.1036203905626376,0.9928172184299072,0.6666666666666666,0.1481908647740659,0.22508950149532062,0.6,0.2,2759.0,1016.3199999999998,0.00032114540572187857,0.005358406632291982,8.296039969230439,-2.164231368303503,0,0.21918797296808565,broad_background_family,0.35,0.07671579053882997,15893,background,RPS6,ENSG00000137154,492.0,24.0,1778.1845936991872,1431.1134000000002,10.579711320236528,10.451700389616075,0.31307046563644664,0.07877340338124203,0.10166764915960959,Not significant,337.0,764.0,0.07491834838225199,0.012964405644507055,0.06195394273774493,0.4044938135384022,0.5968691130746872,1.0,True,geo_weak_signal,0.5,,,,,RPS6,RPS6 protein,3,0.9904513374058478,0.9934167605717336,0.9166666666666666,0.04118180460849327,0.8904372671978774,69
UHRF1,2.4815293523126525,19.69147918365233,18.347120393216294,0.6666666666666666,0.6637113630366911,0.07099017983807789,0.2,1.0,1203.0,374.60299999999995,8.853899437022266e-05,0.0008423851228389445,1.7153315351083254,2.5665395076777084,3,0.4639037634589912,none,1.0,0.4639037634589912,625,background,UHRF1,ENSG00000276043,492.0,24.0,10.79519857723577,1.1119833333333333,3.148571396853355,0.9867821056902155,2.4815293523126525,2.0347957241450083e-20,4.496551861704978e-19,FDR Up-regulated,,,,,,,,1.0,False,missing_geo,0.0,0.0016220000667749325,0.0016220000667749325,absolute_coefficient,1420.0,UHRF1,UHRF1 protein,4,0.9684478975149754,0.983334321807722,0.75,0.3182944644786729,0.890412044250214,70
CDC6,2.717230093053017,24.52725747261916,22.86857586829524,0.6666666666666666,0.6666666666666666,0.12654124324147556,1.0,1.0,1828.0,573.3089999999999,0.0001744640791869157,0.0033221489232635733,5.038199777283757,3.5445801475964265,0,0.5978390735131246,none,1.0,0.5978390735131246,12,high,CDC6,ENSG00000094804,492.0,24.0,14.675316666666667,1.3836833333333332,3.473791226949575,1.1858794167331648,2.717230093053017,2.9699047938898227e-25,1.3533936413453054e-23,FDR Up-regulated,337.0,765.0,0.3858891873847063,0.00773671185027114,0.37815247553443515,7.740266711750085e-09,8.419437173222273e-07,1.0,True,validated,1.0,0.0026549740886441416,0.0026549740886441416,absolute_coefficient,1077.0,CDC6,CDC6 protein,7,0.986655595753514,0.9787675701322579,0.6666666666666666,0.39993578497859594,0.8901559056792111,71
PTTG1,2.3302914317317356,19.31327944668813,17.992731160102306,0.6666666666666666,0.6395132957437444,0.0728616504228876,1.0,1.0,1004.0,333.21,0.00011878091928716486,0.0007096887321807704,2.0928583367840465,3.26692959419655,3,0.5702806079577403,none,1.0,0.5702806079577403,120,exploratory,PTTG1,ENSG00000164611,492.0,24.0,42.28146951219512,7.606258333333334,5.017623901512539,3.017582627867469,2.3302914317317356,4.860943277541708e-20,1.0168779727373541e-18,FDR Up-regulated,316.0,653.0,0.4181848123420584,0.012267971456095086,0.4059168408859633,4.872012030090149e-09,6.285462031843047e-07,1.0,True,validated,1.0,0.0037732604953956248,0.0037732604953956248,absolute_coefficient,746.0,PTTG1,PTTG1 protein,4,0.9426487159717691,0.9724215645572624,0.75,0.37871709039228946,0.8897841439163948,72
PECAM1,2.327673497634188,19.022492378815244,17.72040504622224,0.6666666666666666,0.6390944262881366,0.15419007946446103,0.6,1.0,2866.0,863.264,0.00018805057274095955,0.0006006881255686988,5.578131347261438,2.28516145412869,0,0.527929918062634,none,1.0,0.527929918062634,236,exploratory,PECAM1,ENSG00000261371,492.0,24.0,78.39386402439024,397.55336666666676,6.114187933436711,8.561286225520243,-2.327673497634188,9.495276617722956e-20,1.9036844120264776e-18,FDR Down-regulated,335.0,738.0,-0.057865603679031784,-0.005884250475795369,-0.051981353203236415,0.4599335489248578,0.6443594754507992,1.0,True,geo_weak_signal,0.5,,,,,PECAM1,PECAM1 protein,4,0.9725401814838978,0.9720657137773561,0.75,0.32048339991058106,0.8892908490734573,73
HSP90AB1,0.6470660470906772,8.913412796309125,8.321107490772096,0.6666666666666666,0.370197234201175,0.3737269038272205,0.6,0.2,5137.0,1618.4830000000004,0.0005257214469563185,0.011416628753412194,16.174184328648366,-2.6491470365264465,4,0.35449171293841253,none,1.0,0.35449171293841253,3099,background,HSP90AB1,ENSG00000096384,492.0,24.0,1616.911385365854,1032.162041666667,10.5025689883075,9.987997313879463,0.6470660470906772,1.2206388930055846e-09,4.7741109661255304e-09,Not significant,337.0,766.0,0.05896829152811396,-0.0023661725316986965,0.06133446405981266,0.3449709107685165,0.5398899662292491,1.0,True,geo_weak_signal,0.5,,,,,HSP90AB1,HSP90AB1 protein,6,0.9740228930668406,0.9928236759385565,0.8333333333333334,0.17836708283109562,0.8891750745652138,74
EHMT2,0.6833590140560218,6.4208340956526,5.98211913840285,0.6666666666666666,0.37600410891563013,0.13069835866993482,0.6,0.2,2050.0,570.6179999999999,0.00016330671844006297,0.005099332726721262,5.065508013619675,-0.7612362635436366,0,0.34716644428587595,none,1.0,0.34716644428587595,3343,background,EHMT2,ENSG00000204371,492.0,24.0,24.212160365853652,14.699958333333335,4.489322241671994,3.9223509254096154,0.6833590140560218,3.794599143455829e-07,1.0420315335148002e-06,Not significant,320.0,708.0,0.06750781999926403,0.002415504327437204,0.06509231567182683,0.34780890689033794,0.5426718917097876,1.0,True,geo_weak_signal,0.5,,,,,EHMT2,EHMT2 protein,3,0.9371923373465394,0.9662534843722199,0.9166666666666666,0.1718168820418549,0.8890795909917558,75
SUV39H2,1.0961624581337504,33.58937272691451,31.438036359916126,0.6666666666666666,0.44205265996806675,0.04672384476194214,1.0,0.65,1302.0,304.364,2.913988651059877e-05,0.0005876554443433425,1.5482490107713254,3.6077792314954924,3,0.4464053859157697,none,1.0,0.4464053859157697,855,background,SUV39H2,ENSG00000152455,492.0,24.0,8.680018902439024,3.5279166666666675,3.122689592539912,2.1705629208499833,1.0961624581337504,2.574111015434821e-34,3.647234103466094e-32,Nominal Up-regulated,277.0,626.0,0.22634339474464366,7.597513786240365e-05,0.22626741960678126,0.0025190561459717204,0.015042480053582476,1.0,True,validated,1.0,,,,,SUV39H2,SUV39H2 protein,4,0.9759800723563252,0.9962042583476662,0.75,0.2765542797498393,0.8881387328203797,76
NEK2,2.934005066435579,22.90903600442908,21.357013816775975,0.6666666666666666,0.6666666666666666,0.10403216263397025,1.0,1.0,1693.0,495.13899999999995,0.00013735232656954466,0.0023861654534425235,4.045545117549488,3.813203363714642,3,0.5928870757794734,none,1.0,0.5928870757794734,23,high,NEK2,ENSG00000117650,492.0,24.0,17.392954878048773,1.4067333333333332,3.68559128787356,1.1782998118149577,2.934005066435579,1.2330026090536604e-23,4.395276319503968e-22,FDR Up-regulated,337.0,766.0,0.2658882772889215,0.005690078126669645,0.26019819916225184,7.193837121904127e-05,0.0010027088299940487,1.0,True,validated,1.0,0.002549642809852417,0.002549642809852417,absolute_coefficient,1117.0,NEK2,NEK2 protein,7,0.9809619832750134,0.9784117193523516,0.6666666666666666,0.4006081329459735,0.8878378226619879,77
TPI1,1.1492462473217497,23.974232863302905,22.34284515516998,0.6666666666666666,0.45054606623814664,0.1410178742094663,1.0,0.65,2918.0,858.2959999999999,0.00013765704943896487,0.0005686988171064605,5.37126259794701,2.1577834500980972,0,0.464815607763412,none,1.0,0.464815607763412,618,background,TPI1,ENSG00000111669,492.0,24.0,704.2566199186992,316.97251250000005,9.284274578688946,8.29715288071588,1.1492462473217497,1.0611264418277844e-24,4.541034953930776e-23,Nominal Up-regulated,277.0,624.0,0.40752221366545244,0.006933308570296504,0.40058890509515593,1.7968451431541218e-08,1.49894713257857e-06,1.0,True,validated,1.0,,,,,TPI1,TPI1 protein,4,0.9890279342862226,0.9828598541011803,0.75,0.2671512503731794,0.8875788809004765,78
AURKB,2.8730653984379595,14.920917637485733,13.911254964739335,0.6666666666666666,0.6666666666666666,0.16314199828518938,1.0,1.0,2489.0,793.728,0.00022043948045331345,0.0029193205944798304,6.392851657102726,2.5909972374434953,0,0.6058912396227416,none,1.0,0.6058912396227416,7,high,AURKB,ENSG00000178999,492.0,24.0,21.78094593495935,2.109516666666667,3.969928044904347,1.367739890192296,2.8730653984379595,1.199726805802842e-15,1.2267188400631727e-14,FDR Up-regulated,318.0,698.0,0.26641800263772114,0.013982733761093494,0.25243526887662765,0.00018285409951991226,0.0020047097175626746,1.0,True,validated,1.0,0.0024734814814786478,0.0024734814814786478,absolute_coefficient,1140.0,AURKB,Aurora kinase B,7,0.9819109186880968,0.9823853863946385,0.6666666666666666,0.38795045314939075,0.8866153954934718,79
TLR4,1.5056745784379995,18.05221554014462,16.81876844225131,0.6666666666666666,0.5075745992167465,0.24019458893216877,0.2,1.0,3444.0,1118.3700000000001,0.00040006057377041306,0.0012286264027904156,8.470176138695424,0.39694882506364765,0,0.41056941044412343,none,1.0,0.41056941044412343,1424,background,TLR4,ENSG00000136869,492.0,24.0,5.376852642276423,17.107545833333333,2.4333037093696586,4.120640749100395,-1.5056745784379995,8.867158261725805e-19,1.5178594462026274e-17,FDR Down-regulated,296.0,693.0,0.02983830191471891,-0.0036918214150377876,0.033530123329756696,0.631573188915475,0.7767769128718761,1.0,False,geo_weak_signal,0.0,,,,,TLR4,TLR4 protein,4,0.9925271336219679,0.9877824565565506,0.75,0.2454041028815112,0.8856961536498832,80
FOS,2.0705500899827665,8.23929005962693,7.689465908628174,0.6666666666666666,0.5979546810639093,0.23521993260858118,1.0,1.0,4060.0,1214.9460000000001,0.0003083474867799658,0.002670514861995754,9.479701622889971,0.7434188449354276,0,0.5818954335242885,none,1.0,0.5818954335242885,61,medium,FOS,ENSG00000170345,492.0,24.0,337.6079556910569,1421.3118958333337,7.722077644869676,10.029252963206806,-2.0705500899827665,5.763813771962029e-09,2.0442503998538445e-08,FDR Down-regulated,337.0,766.0,-0.2383766124986709,-0.00658681683787011,-0.2317897956608008,0.0007378746307457947,0.005868615790770317,1.0,True,validated,1.0,-0.0029270513826619897,0.0029270513826619897,absolute_coefficient,990.0,FOS,FOS protein,7,0.9953739398612182,0.991874740525473,0.6666666666666666,0.3451015627834066,0.8855688013192169,81
CCT6A,1.1508164858992997,28.7009580642242,26.80231683858602,0.6666666666666666,0.45079730441055466,0.11043979635661014,1.0,0.65,2300.0,638.698,0.00012117677868817067,0.0006386013800424629,4.131467537725709,2.789095778785693,0,0.46058866077045024,none,1.0,0.46058866077045024,661,background,CCT6A,ENSG00000146731,492.0,24.0,210.65095792682925,94.3213,7.444688143745286,6.564665157720622,1.1508164858992997,1.9908655690635783e-29,1.5764607465921447e-27,Nominal Up-regulated,337.0,766.0,0.24385082057901059,-0.0008844780514847156,0.2447352986304953,0.0004034555771092155,0.003651174247982664,1.0,True,validated,1.0,,,,,CCT6A,CCT6A protein,4,0.9771662416226795,0.9867742126801494,0.75,0.2745664777458575,0.8854333189697656,82
ISG15,1.6580520849243063,10.995820382332763,10.264758807327752,0.6666666666666666,0.5319550002545557,0.1459580516064621,1.0,1.0,2862.0,826.9110000000003,0.0001685215113209354,0.0008518634364573855,5.4641185944649955,1.3428395589687325,0,0.5239780048343973,none,1.0,0.5239780048343973,249,exploratory,ISG15,ENSG00000187608,492.0,24.0,371.15280955284555,116.92282916666666,7.831068783404297,6.805476714338739,1.6580520849243063,1.0096703842237771e-11,5.4355211840348354e-11,FDR Up-regulated,335.0,757.0,0.30015696056027297,0.006254944166038161,0.2939020163942348,8.294440864906277e-06,0.00017765795636319524,1.0,True,validated,1.0,-0.0008915072920139887,0.0008915072920139887,absolute_coefficient,1682.0,ISG15,ISG15 protein,4,0.9750904454065595,0.9755649131131012,0.75,0.29205973314503253,0.8851317371703452,83
STAT3,0.32171721880780474,4.284875003679804,3.9704436895436737,0.6666666666666666,0.3181414216759154,0.34380964483936993,0.6,0.2,4344.0,1468.268,0.0005133004949084634,0.009324291022141341,14.081807738167011,-2.986346913417813,4,0.3229829822782965,none,1.0,0.3229829822782965,4394,background,STAT3,ENSG00000168610,492.0,24.0,102.261212398374,128.05765000000002,6.578897672001902,6.962172456609661,-0.32171721880780474,5.18949378677676e-05,0.00010704251648312238,Not significant,327.0,743.0,-0.1815540165051573,-0.009483611298923056,-0.17207040520623423,0.015310965410770849,0.05869908819367746,1.0,True,geo_weak_signal,0.5,,,,,STAT3,STAT3 protein,6,0.9834529387343574,0.98831623272641,0.8333333333333334,0.14654091193396973,0.8847781790236804,84
GRB2,0.23926618409736936,5.754002143004944,5.3527396396175275,0.6666666666666666,0.30494925612224577,0.28147902139366376,0.2,0.2,2450.0,865.9299999999998,0.000540703401503498,0.01040600356384592,11.013408656028377,-3.0826508390053253,4,0.2525889788255571,none,1.0,0.2525889788255571,8550,background,GRB2,ENSG00000177885,492.0,24.0,129.4161510162602,152.94219583333333,6.94869916109677,7.248480793425192,-0.23926618409736936,1.761967352048196e-06,4.438746679050446e-06,Not significant,337.0,766.0,0.03987746331730211,-0.0075524539746618866,0.047429917291964,0.47992316826602266,0.6614593232188225,1.0,False,geo_weak_signal,0.0,,,,,GRB2,GRB2 protein,6,0.9927643674752387,0.9940691536682285,0.8333333333333334,0.11842996529528013,0.8841518977571275,85
ESPL1,2.0487319121793055,20.979268888098066,19.555708101547992,0.6666666666666666,0.5944637726153555,0.10396826627171725,1.0,1.0,1440.0,472.0199999999998,0.00016665359169230074,0.0012878658629056718,3.4827603657043142,2.9106299073554665,3,0.5509953400300173,none,1.0,0.5509953400300173,169,exploratory,ESPL1,ENSG00000135476,492.0,24.0,6.062819715447154,0.7070583333333333,2.3950506453060405,0.7149125397650861,2.0487319121793055,1.0488928184592391e-21,2.7815821994917614e-20,FDR Up-regulated,337.0,766.0,0.3268258103317352,0.007102065783950887,0.3197237445477843,1.987418962512165e-07,9.119688094030577e-06,1.0,True,validated,1.0,,,,,ESPL1,ESPL1 protein,4,0.9608564142103078,0.9674989621018919,0.75,0.3246489793096581,0.8840224317881857,86
CALML6,0.6046727961691958,13.994044968670286,13.047967568673036,0.35294117647058826,0.19239581332256717,0.27983459223270807,0.2,0.2,3334.0,1042.877,0.0004694925627805293,0.009015653434940856,11.374528994033705,-1.8382069960967597,4,0.1715493526088575,none,1.0,0.1715493526088575,11983,background,CALML6,ENSG00000169885,393.0,12.0,0.7819674300254453,0.17185833333333334,0.6911336477815098,0.2256208172253379,0.6046727961691958,1.0138064065387469e-14,8.954316302069047e-14,Not significant,,,,,,,,1.0,False,missing_geo,0.0,,,,,CALML6,CALML6 protein,6,0.9957890991044422,0.9920526659154262,0.8333333333333334,0.11306517790082452,0.8836380598444031,87
H2BC11,1.6013438488586145,8.639250939269536,8.064248025957111,0.6653116531165312,0.5218189148367198,0.12257716502700891,0.2,1.0,1269.0,523.8620000000001,0.00022544363859025782,0.0007416780406430088,3.0687305105384817,0.40699238988070435,0,0.3928875295670661,none,1.0,0.3928875295670661,1887,background,H2BC11,ENSG00000124635,491.0,24.0,7.499172097759675,1.8010708333333334,2.359299003296308,1.3895207477330391,1.6013438488586145,2.294822295935309e-09,8.624858406723558e-09,FDR Up-regulated,,,,,,,,1.0,False,missing_geo,0.0,0.002774139626809214,0.002774139626809214,absolute_coefficient,1027.0,H2BC11,H2BC11 protein,4,0.9839274064408992,0.9860032026570191,0.75,0.25334029010648035,0.8833509829423707,88
APOB,1.7254504914372204,6.543629464579883,6.097783074810098,0.17750677506775067,0.14450970657288106,0.1946179446166554,0.6,1.0,2468.0,740.0000000000001,0.0002545228462135289,0.010191556718228693,8.631464162120531,-0.6285210717019369,4,0.22550691638132273,plasma_or_blood_marker,0.35,0.07892742073346296,15775,background,APOB,ENSG00000084674,131.0,16.0,2.881168702290076,0.17368125000000004,0.7185700247618156,0.22727386459816834,1.7254504914372204,2.8600296495114574e-07,7.983933761657729e-07,FDR Up-regulated,302.0,698.0,0.01110936990871236,-0.00784532867977796,0.018954698588490318,0.7825535446598444,0.8756004279076279,1.0,True,geo_weak_signal,0.5,,,,,APOB,APOB protein,6,0.9965601091275725,0.9976869699306091,0.8333333333333334,0.09721170592672754,0.8821262893532008,89
YAP1,0.21321004050487996,4.432605890795547,4.109463503026169,0.6666666666666666,0.3007802731474475,0.14539320389787777,0.6,0.2,2090.0,589.583,0.00023289641101377682,0.003922837048832272,5.2306273179906535,-1.3809277415348442,0,0.30418319273035943,none,1.0,0.30418319273035943,5499,background,YAP1,ENSG00000137693,492.0,24.0,66.87886300813008,77.68957083333332,5.866542915753982,6.256413553824653,-0.21321004050487996,3.693125866366628e-05,7.772066304643999e-05,Not significant,337.0,766.0,-0.08384384257851572,-0.0017866468938206159,-0.0820571956846951,0.2204125511319839,0.401131642042283,1.0,True,geo_weak_signal,0.5,,,,,YAP1,YAP1 protein,3,0.939564675879248,0.9642369966194176,0.9166666666666666,0.13582454036541766,0.8815698514103867,90
S100B,1.258422030564293,3.0227598461856884,2.783274616931789,0.6653116531165312,0.4670629432001305,0.06875504543874848,0.0,0.65,1365.0,368.96099999999996,8.526339749549912e-05,0.0006611123748862602,1.2698270814065753,-0.38863756618460893,2,0.31399406120964324,none,1.0,0.31399406120964324,4883,background,S100B,ENSG00000160307,491.0,24.0,19.717010590631357,7.659729166666665,3.5151303723798453,2.867468285445746,1.258422030564293,0.0009489430596453588,0.0016471205403212265,Nominal Up-regulated,335.0,718.0,-0.20615477700676046,0.00016597796128226138,-0.20632075496804272,0.0028525523795589138,0.01650968630735845,1.0,False,conflicting,-0.25,0.00965216976416994,0.00965216976416994,absolute_coefficient,79.0,S100B,S100B protein,4,0.9618053496233913,0.991044422039025,0.75,0.2740541439477148,0.8801998201960299,91
ACTL6A,0.969474882446592,28.943952983397526,27.03304000046353,0.6666666666666666,0.42178264785812136,0.13217423681203555,0.6,0.2,2507.0,690.3769999999998,0.00018292536979160097,0.0006854005535335153,4.729306709887023,2.056335981125732,0,0.37378293551077324,none,1.0,0.37378293551077324,2480,background,ACTL6A,ENSG00000136518,492.0,24.0,41.17169126016261,20.536741666666664,5.211866279720006,4.420330572627898,0.969474882446592,1.1377504517107666e-29,9.267444621398665e-28,Not significant,318.0,699.0,0.09957664022397883,0.010228728494128593,0.08934791172985024,0.17566510361731463,0.3443124836658496,1.0,True,geo_weak_signal,0.5,,,,,ACTL6A,ACTL6A protein,4,0.9835715556609929,0.9894430935294467,0.75,0.23438073430345596,0.8800473040929461,92
PCNA,1.1372566543330116,21.628508355980962,20.148259226527625,0.6666666666666666,0.44862773135994855,0.14539145947640797,1.0,0.65,2125.0,682.464,0.0002353238943778408,0.0009928533515316956,5.080177746139936,1.872956333964066,0,0.46432839622722977,none,1.0,0.46432839622722977,621,background,PCNA,ENSG00000132646,492.0,24.0,218.1682384146342,98.63897500000002,7.538305007175503,6.621336798865109,1.1372566543330116,2.3522942339722418e-22,7.107891232796769e-21,Nominal Up-regulated,337.0,766.0,0.26160156436558835,0.01026939773208987,0.2513321666334985,0.00014931693067463128,0.0017329198178190734,1.0,True,validated,1.0,,,,,PCNA,PCNA protein,4,0.9801909732518831,0.9715319376074966,0.75,0.26211416124480946,0.8794909541168306,93
DYNC1I1,0.5544619056571484,2.1446203785468043,1.9603913033236808,0.6612466124661247,0.27707571502440465,0.07530050500290214,0.2,0.2,947.0,261.5969999999999,0.00010879006947662204,0.004059087807097362,2.0393127869018755,-1.2752655266211839,2,0.22707946755758862,none,1.0,0.22707946755758862,10098,background,DYNC1I1,ENSG00000158560,488.0,24.0,2.112013524590164,1.1190041666666668,1.254337894565483,1.0565798941788802,0.5544619056571484,0.007167696725012734,0.010954907041374157,Not significant,318.0,699.0,-0.020643069417620043,0.011905017724588449,-0.03254808714220849,0.6821337238415693,0.8127054204208459,1.0,False,geo_weak_signal,0.0,,,,,DYNC1I1,DYNC1I1 protein,3,0.9352944665203724,0.9800130478619299,0.9166666666666666,0.11126537785225028,0.8790247941505477,94
AURKA,2.3272284771431684,17.760626066337704,16.542342909708704,0.6666666666666666,0.6390232230095736,0.15220660262946706,1.0,1.0,2511.0,760.9420000000002,0.00018929334563344314,0.003103752780305328,6.1043835844366265,2.3811583392984454,0,0.5874522552573687,none,1.0,0.5874522552573687,42,high,AURKA,ENSG00000087586,492.0,24.0,28.051809756097565,4.789054166666667,4.384535482747846,2.431359868476654,2.3272284771431684,1.735297470260378e-18,2.8685147692215915e-17,FDR Up-regulated,317.0,698.0,0.19061385384064508,0.005193576793103642,0.18542027704754144,0.004323399799130145,0.022744485903911316,1.0,True,validated,1.0,0.0013406435630986403,0.0013406435630986403,absolute_coefficient,1510.0,AURKA,AURKA protein,7,0.985410118023842,0.9723029476306269,0.6666666666666666,0.3563894327187548,0.8781845541787101,95
CCT2,0.9923260759240009,22.991241832108358,21.431811456607395,0.6666666666666666,0.4254388388145068,0.14271604984472414,1.0,0.2,2682.0,787.0300000000002,0.00017479115622555958,0.0008708200636942675,5.338103827509646,1.875340713364719,0,0.4363673660389151,none,1.0,0.4363673660389151,979,background,CCT2,ENSG00000166226,492.0,24.0,136.61599837398373,68.17497499999999,6.727984565141758,6.10387718429041,0.9923260759240009,1.020371143030449e-23,3.6998877080938497e-22,Not significant,337.0,765.0,0.21293538119450478,0.005690023446762995,0.20724535774774178,0.0017801348170552599,0.011523101397449305,1.0,True,validated,1.0,,,,,CCT2,CCT2 protein,4,0.9795385801553882,0.9777593262558567,0.75,0.24888598936405942,0.8781389151764115,96
RET,1.9215261590120603,3.9482314443035436,3.653365022346828,0.6571815718157181,0.565942608277783,0.09287499501157294,0.6,1.0,1358.0,405.53299999999996,0.00015696207349794332,0.0011433215802244465,2.590519180438208,0.7981754065319591,0,0.4715382902944461,none,1.0,0.4715382902944461,567,background,RET,ENSG00000165731,485.0,24.0,6.612065360824741,1.0093958333333335,1.4274831327132973,0.9216784319032141,1.9215261590120603,0.00011265969099139523,0.000222144199486132,FDR Up-regulated,309.0,666.0,0.03699185577685369,-0.002829180853409894,0.03982103663026358,0.5904076179972423,0.7480384288774012,1.0,True,geo_weak_signal,0.5,0.0037856387217801925,0.0037856387217801925,absolute_coefficient,743.0,RET,RET protein,4,0.9551034932684894,0.9756242215764189,0.75,0.2970384660744156,0.8779523802870525,97
CCT5,1.2547570190041937,25.917303651920328,24.173293907138167,0.6666666666666666,0.46742778970733767,0.1372777412842293,0.6,0.65,2526.0,737.058,0.00017848021039195121,0.000809211025174401,4.881636315469384,2.0057093409900593,0,0.41407216836723393,none,1.0,0.41407216836723393,1354,background,CCT5,ENSG00000150753,492.0,24.0,122.88592804878047,50.916149999999995,6.713363504886768,5.682111941046671,1.2547570190041937,1.209751998075569e-26,6.709746197221108e-25,Nominal Up-regulated,336.0,765.0,0.11999566112371256,0.005926617676562636,0.11406904344714992,0.07835525664888175,0.19637487520202013,1.0,True,geo_weak_signal,0.5,,,,,CCT5,CCT5 protein,4,0.9780558685724453,0.9745566692367,0.75,0.253810596045344,0.8776676272228215,98
APP,0.23698015142233,3.328929687296092,3.071415670638703,0.6666666666666666,0.3045834908942395,0.28956454029871226,0.2,0.2,3579.0,1126.3000000000006,0.00046783706159663147,0.009005582726721263,11.636500009616302,-3.262175619929917,4,0.2527325978251356,none,1.0,0.2527325978251356,8540,background,APP,ENSG00000142192,492.0,24.0,416.55131422764225,491.0939083333333,8.496203331529081,8.879821562890045,-0.23698015142233,0.00046888928963766715,0.0008483680987853531,Not significant,320.0,708.0,0.0021663286635885013,0.0005048230378546536,0.0016615056257338477,0.9793246470319901,0.9898594149491298,1.0,False,geo_weak_signal,0.0,,,,,APP,APP protein,6,0.9860032026570191,0.9842832572208055,0.8333333333333334,0.1137777706464683,0.8774609333250293,99
CAV1,3.3735392251801883,30.782235622735275,28.783238998958034,0.6666666666666666,0.6666666666666666,0.18497021514627027,1.0,1.0,2689.0,843.6230000000003,0.0002991830255326795,0.002012956854716409,7.307204073086599,4.524656204172647,0,0.6106934473321793,none,1.0,0.6106934473321793,4,high,CAV1,ENSG00000105974,492.0,24.0,117.90487256097562,1231.3559041666667,6.108817289037922,10.185885719806363,-3.3735392251801883,1.6510657836503464e-31,1.6472556318419225e-29,FDR Down-regulated,337.0,766.0,-0.25260010903676317,0.008081155595997003,-0.26068126463276015,9.445933548026774e-05,0.0012271971043952817,1.0,True,validated,1.0,-0.003077140507092272,0.003077140507092272,absolute_coefficient,945.0,CAV1,Caveolin-1,11,0.9815550679081905,0.9930609097918273,0.5833333333333334,0.4424736808657607,0.8771675874723479,100
