gene_name_norm,gene_name,gene_id,count_tumor,count_normal,mean_raw_tumor,mean_raw_normal,mean_log_tumor,mean_log_normal,gdc_log2_fc,gdc_abs_log2_fc,gdc_p_value,gdc_adj_p_value,gdc_neg_log10_fdr,gdc_expression_status,count_advanced,count_early,mean_advanced,mean_early,geo_stage_diff_advanced_vs_early,geo_p_value,geo_adj_p_value,degree_gene,weighted_degree_gene,protein_count,pagerank,betweenness_centrality,target_penalty_reason,target_penalty_factor,geo_direction_match,geo_validation_status,geo_validation_bonus,pca_1,pca_2,cluster_id,gdc_neg_log10_p,sample_prevalence_score,expression_evidence_score,network_context_score,geo_component_score,de_priority_gate,target_score_raw,target_score,target_rank,evidence_level
PLK1,PLK1,ENSG00000166851,492.0,24.0,15.236954674796749,1.8005208333333333,3.597001300350715,1.3360288696879001,2.535514007165149,2.535514007165149,2.586402603113493e-18,4.117973020877867e-17,16.385316503012366,FDR Up-regulated,337.0,766.0,0.2771293473615137,0.015124042373601659,0.262005304987912,1.8910516837842435e-05,0.0003422711000258757,2765.0,906.543,1.0,0.0004579838996121124,0.007233138080072794,none,1.0,True,validated,1.0,10.481297102550439,1.5546925863881567,4,17.5873038712958,0.6666666666666666,0.6666666666666666,0.25309822145857647,1.0,1.0,0.6256816087208867,0.6256816087208867,1,high
CCNB1,CCNB1,ENSG00000134057,492.0,24.0,58.0504231707317,7.7923,5.431116898870155,3.034637552868073,2.7476348802906454,2.7476348802906454,5.440197101890457e-22,1.5679856980337607e-20,19.804657902935602,FDR Up-regulated,337.0,766.0,0.42635295841599696,0.013068343658688995,0.413284614757308,2.4846078297061407e-11,1.5314846594772016e-08,3049.0,936.358,1.0,0.0003064365283725703,0.003931130573248408,none,1.0,True,validated,1.0,8.451892272609275,2.6977129367292907,0,21.264385365244337,0.6666666666666666,0.6666666666666666,0.20588902701485046,1.0,1.0,0.615295585943267,0.615295585943267,2,high
CDC20,CDC20,ENSG00000117399,492.0,24.0,60.81095792682928,4.892116666666666,5.34739345827945,2.209664074246519,3.391004721846256,3.391004721846256,2.9191551292251034e-16,3.355138011851702e-15,14.474289610650619,FDR Up-regulated,337.0,765.0,0.33638432138512747,0.012217611788461607,0.3241667095966659,1.39635381123248e-07,7.002053790302046e-06,2650.0,799.3579999999997,1.0,0.00030742393439423075,0.004201262511373977,none,1.0,True,validated,1.0,7.791482558597794,2.8286408958174807,0,15.534742825198254,0.6666666666666666,0.6666666666666666,0.19051588000331793,1.0,1.0,0.6119134936007299,0.6119134936007299,3,high
CAV1,CAV1,ENSG00000105974,492.0,24.0,117.90487256097562,1231.3559041666667,6.108817289037922,10.185885719806363,-3.3735392251801883,3.3735392251801883,1.6510657836503464e-31,1.6472556318419225e-29,28.783238998958034,FDR Down-regulated,337.0,766.0,-0.25260010903676317,0.008081155595997003,-0.26068126463276015,9.445933548026774e-05,0.0012271971043952817,2689.0,843.6230000000003,1.0,0.0002991830255326795,0.002012956854716409,none,1.0,True,validated,1.0,7.307204073086599,4.524656204172647,0,30.782235622735275,0.6666666666666666,0.6666666666666666,0.18497021514627027,1.0,1.0,0.6106934473321793,0.6106934473321793,4,high
CCNA2,CCNA2,ENSG00000145386,492.0,24.0,22.786759959349595,2.8712499999999994,4.047049738806862,1.7972160368369094,2.619287389846812,2.619287389846812,7.307751562171056e-17,9.16785707513141e-16,15.03773216587904,FDR Up-regulated,337.0,766.0,0.2967537302283421,0.013412011068438328,0.2833417191599038,1.9261567984448693e-05,0.00034749121428855,2485.0,805.7589999999999,1.0,0.00029580457918083447,0.0007333845162268729,none,1.0,True,validated,1.0,6.249476900686428,2.6013209131687702,0,16.13621622555215,0.6666666666666666,0.6666666666666666,0.17430430690555954,1.0,1.0,0.608346947519223,0.608346947519223,5,high
TOP2A,TOP2A,ENSG00000131747,492.0,24.0,67.20873414634146,4.486987500000001,5.499841268198703,2.2828632249079064,3.6358702942616725,3.6358702942616725,1.7725194092347992e-20,3.932427599882625e-19,18.405339264448074,FDR Up-regulated,337.0,766.0,0.30839404840373297,0.006673150788871061,0.3017208976148619,7.244661525252294e-07,2.4808493710701912e-05,3408.0,980.8780000000002,1.0,0.00019089636471941818,0.0008269828632089779,none,1.0,True,validated,1.0,6.901444598064453,3.894627447840757,0,19.751409000558198,0.6666666666666666,0.6666666666666666,0.17016565772671768,1.0,1.0,0.6074364446998778,0.6074364446998778,6,high
AURKB,AURKB,ENSG00000178999,492.0,24.0,21.78094593495935,2.109516666666667,3.969928044904347,1.367739890192296,2.8730653984379595,2.8730653984379595,1.199726805802842e-15,1.2267188400631727e-14,13.911254964739335,FDR Up-regulated,318.0,698.0,0.26641800263772114,0.013982733761093494,0.25243526887662765,0.00018285409951991226,0.0020047097175626746,2489.0,793.728,1.0,0.00022043948045331345,0.0029193205944798304,none,1.0,True,validated,1.0,6.392851657102726,2.5909972374434953,0,14.920917637485733,0.6666666666666666,0.6666666666666666,0.16314199828518938,1.0,1.0,0.6058912396227416,0.6058912396227416,7,high
COL1A1,COL1A1,ENSG00000108821,492.0,24.0,1182.8176863821132,160.54253333333332,9.397252360946196,6.733693937912616,2.8734609417309707,2.8734609417309707,8.12877494460548e-10,3.2478501028671326e-09,8.48840402284216,FDR Up-regulated,337.0,766.0,0.4581476823918698,0.00596585953407544,0.4521818228577944,1.6128985485220065e-12,2.55644419940738e-09,2560.0,742.3249999999997,1.0,0.00024200818607651717,0.0008175045495905369,none,1.0,True,validated,1.0,5.644562584707227,2.267656915898065,0,9.089974900271402,0.6666666666666666,0.6666666666666666,0.15363112584196562,1.0,1.0,0.6037988476852324,0.6037988476852324,8,high
EXO1,EXO1,ENSG00000174371,492.0,24.0,8.104884146341464,0.6470166666666667,2.7152978483850196,0.685364758433768,2.4667855057623753,2.4667855057623753,1.0896034045418051e-34,1.6115616670157347e-32,31.79275307139134,FDR Up-regulated,318.0,699.0,0.3616143324805582,0.01211540493647833,0.34949892754407985,3.975914737882333e-07,1.5532666907325523e-05,2090.0,659.4409999999996,1.0,0.0002543892598693367,0.005420015670811849,none,1.0,True,validated,1.0,7.040297209503111,3.7774396395388523,0,33.96273154844578,0.6666666666666666,0.6613523475886467,0.16531957979841916,1.0,1.0,0.6032880024904006,0.6032880024904006,9,high
CDCA8,CDCA8,ENSG00000134690,492.0,24.0,28.541452032520322,3.711066666666667,4.436956500702647,2.071840551257294,2.648615086781384,2.648615086781384,1.1605030467956593e-17,1.6512440398330475e-16,15.782188736960938,FDR Up-regulated,277.0,626.0,0.30513398887065074,0.012166657122897174,0.2929673317477536,1.7434117733206145e-05,0.0003241475443879042,2358.0,721.5939999999999,1.0,0.00018405223109749995,0.002127881407340006,none,1.0,True,validated,1.0,5.482082477406398,2.7654149734852775,0,16.935353715005732,0.6666666666666666,0.6666666666666666,0.1421369893054903,1.0,1.0,0.6012701376472078,0.6012701376472078,10,high
CENPA,CENPA,ENSG00000115163,492.0,24.0,11.487470528455285,0.9401375000000001,3.1017649316561537,0.8754179502627378,2.686250466360956,2.686250466360956,9.219341401612429e-23,2.938512577931704e-21,20.531872446002964,FDR Up-regulated,337.0,766.0,0.38599347566096914,0.008054623171257332,0.3779388524897118,3.4099706624029105e-09,4.913457727189648e-07,1997.0,628.7569999999996,1.0,0.0002127441114305548,0.0002286643160448893,none,1.0,True,validated,1.0,4.516163387202753,3.5434717452499314,0,22.035300102358693,0.6666666666666666,0.6666666666666666,0.1301532502401201,1.0,1.0,0.5986337150528264,0.5986337150528264,11,high
CDC6,CDC6,ENSG00000094804,492.0,24.0,14.675316666666667,1.3836833333333332,3.473791226949575,1.1858794167331648,2.717230093053017,2.717230093053017,2.9699047938898227e-25,1.3533936413453054e-23,22.86857586829524,FDR Up-regulated,337.0,765.0,0.3858891873847063,0.00773671185027114,0.37815247553443515,7.740266711750085e-09,8.419437173222273e-07,1828.0,573.3089999999999,1.0,0.0001744640791869157,0.0033221489232635733,none,1.0,True,validated,1.0,5.038199777283757,3.5445801475964265,0,24.52725747261916,0.6666666666666666,0.6666666666666666,0.12654124324147556,1.0,1.0,0.5978390735131246,0.5978390735131246,12,high
RECQL4,RECQL4,ENSG00000160957,492.0,24.0,17.23619634146342,2.1229999999999998,3.7782638225961582,1.5963962091629187,2.545800372819116,2.545800372819116,4.62878986101993e-28,3.1094034201855393e-26,25.507322928071194,FDR Up-regulated,318.0,699.0,0.2583893780199717,0.007805633059208506,0.2505837449607632,0.0004973593718272094,0.004277676147614642,2373.0,775.225,1.0,0.00010678791558515,0.0001374355474673946,none,1.0,True,validated,1.0,4.431512359986236,3.997562742115114,0,27.334532534981072,0.6666666666666666,0.6666666666666666,0.12150708157080102,1.0,1.0,0.5967315579455762,0.5967315579455762,13,high
BUB1B,BUB1B,ENSG00000156970,492.0,24.0,9.555408739837397,0.9175166666666668,2.941755220691113,0.8613391960489989,2.4606714231134035,2.4606714231134035,3.822032828028112e-22,1.1266310404437412e-20,19.948218287444956,FDR Up-regulated,318.0,699.0,0.3578289487492879,0.0011901887512108969,0.356638759998077,6.247075919385932e-08,3.8083135893179623e-06,1716.0,585.754,1.0,0.0002559769602044123,0.000703369856435143,none,1.0,True,validated,1.0,4.637876967295375,3.1921006216223375,0,21.41770558704285,0.6666666666666666,0.6603740943648112,0.13750811832623802,1.0,1.0,0.5966020940966962,0.5966020940966962,14,high
KIF20A,KIF20A,ENSG00000112984,492.0,24.0,17.77824512195122,1.968895833333333,3.819853580735539,1.4357764553266248,2.6610638645850093,2.6610638645850093,7.742402720572186e-18,1.1381399500572591e-16,15.94380433214076,FDR Up-regulated,259.0,555.0,0.4546623598670939,-4.228707906362173e-10,0.4546623602899647,4.246366189154624e-11,2.243496803270026e-08,1963.0,654.6419999999999,1.0,0.00015140162371358085,0.0008305372308158933,none,1.0,True,validated,1.0,4.2054022726324805,3.069996610881798,0,17.11112424263041,0.6666666666666666,0.6666666666666666,0.12062575454078882,1.0,1.0,0.5965376659989735,0.5965376659989735,15,high
CCNB2,CCNB2,ENSG00000157456,492.0,24.0,25.38760000000001,3.102133333333333,4.258453894809529,1.889556166194456,2.685413850699674,2.685413850699674,1.635823043847572e-18,2.7147256242434955e-17,16.566274057750466,FDR Up-regulated,318.0,699.0,0.41775470011744575,0.01087866757133841,0.4068760325461073,1.5525981089729244e-10,4.597452719172915e-08,1914.0,569.0620000000001,1.0,0.0002002556150109007,1.6587048832271762e-05,none,1.0,True,validated,1.0,4.029031259768357,3.216506790966302,0,17.78626367819348,0.6666666666666666,0.6666666666666666,0.1189234674689445,1.0,1.0,0.5961631628431677,0.5961631628431677,16,high
UBE2C,UBE2C,ENSG00000175063,492.0,24.0,106.37388089430891,5.681158333333333,5.940027497069295,2.443837167943977,4.006401035769338,4.006401035769338,1.775782665098782e-18,2.9239718277568907e-17,16.534026816087867,FDR Up-regulated,337.0,766.0,0.33673017227176566,0.008757945185851832,0.32797222708591384,3.188100811209104e-07,1.3149434386752792e-05,2020.0,588.132,1.0,0.0001801247164087813,0.00020852289960570215,none,1.0,True,validated,1.0,4.220334130373677,4.455565615529704,3,17.750610187838973,0.6666666666666666,0.6666666666666666,0.11706449340649382,1.0,1.0,0.5957541885494285,0.5957541885494285,17,high
SPP1,SPP1,ENSG00000118785,492.0,24.0,814.1558439024386,24.520570833333334,8.407436835937114,4.009638339932053,4.997343400244296,4.997343400244296,9.80699378308711e-15,8.702932746138515e-14,13.060334372572559,FDR Up-regulated,337.0,765.0,0.24026185449196208,-0.0063793317099053145,0.2466411862018674,9.478746406080309e-05,0.001230019782169135,1966.0,595.196,1.0,0.00015907551491199448,0.0007890696087352138,none,1.0,True,validated,1.0,4.283905992457645,5.007391381108064,3,14.008464100010647,0.6666666666666666,0.6666666666666666,0.11509678797224084,1.0,1.0,0.5953212933538929,0.5953212933538929,18,high
BIRC5,BIRC5,ENSG00000089685,492.0,24.0,36.97252621951219,2.6422833333333333,4.649684767466615,1.67452469533857,3.38204092204588,3.38204092204588,2.018029452271647e-19,3.806039663842532e-18,17.419526690116736,FDR Up-regulated,318.0,698.0,0.306908110683819,0.010418813311719045,0.29648929737209995,2.440317010223408e-05,0.0004210780284359053,1915.0,583.7099999999999,1.0,0.0001664564231233333,0.0006445253260539885,none,1.0,True,validated,1.0,4.1067009904343434,3.9368552658909786,3,18.69507249971174,0.6666666666666666,0.6666666666666666,0.1149278792897231,1.0,1.0,0.595284133443739,0.595284133443739,19,high
CDC45,CDC45,ENSG00000093009,492.0,24.0,12.571558536585362,1.34155,3.2857905082597565,1.122708048849204,2.53505065722604,2.53505065722604,1.5301223877825534e-19,2.9284215187743057e-18,17.533366410502325,FDR Up-regulated,318.0,699.0,0.36419835607609097,0.022678514020530793,0.3415198420555602,2.412957535605117e-06,6.577828957626235e-05,1563.0,503.2520000000001,1.0,0.00020925684147624044,0.00013862033666969974,none,1.0,True,validated,1.0,3.6428876223202216,3.2082653126592,0,18.815273830481193,0.6666666666666666,0.6666666666666666,0.11361146695049948,1.0,1.0,0.5949945227291098,0.5949945227291098,20,high
RRM2,RRM2,ENSG00000171848,492.0,24.0,20.91605243902439,2.23945,3.945367370094177,1.5355288822555657,2.7581671652312565,2.7581671652312565,9.53287952399828e-18,1.3795965817123143e-16,15.860247890374028,FDR Up-regulated,337.0,766.0,0.4087417657854649,0.009944612719186985,0.3987971530662779,4.866861078740068e-10,1.0587808562474716e-07,1682.0,516.147,1.0,0.0001869532939221954,0.0007630042462845011,none,1.0,True,validated,1.0,3.825282826988592,3.192115526850717,0,17.020775895532694,0.6666666666666666,0.6666666666666666,0.11222429571060377,1.0,1.0,0.5946893450563328,0.5946893450563328,21,high
FOXM1,FOXM1,ENSG00000111206,492.0,24.0,21.8765418699187,1.9563583333333332,3.896011768413906,1.4703913780350903,2.95197593283845,2.95197593283845,2.759981587030344e-22,8.23646894494135e-21,20.08425893471033,FDR Up-regulated,337.0,766.0,0.37162257406276095,0.012004654342065475,0.35961791972069546,1.5419296285089207e-08,1.3365397834614433e-06,2061.0,596.5729999999998,1.0,0.0001261564053866648,0.00013388117986047924,none,1.0,True,validated,1.0,3.7495620228429676,3.905585729289093,3,21.55909381528181,0.6666666666666666,0.6666666666666666,0.10447260256612143,1.0,1.0,0.5929839725645466,0.5929839725645466,22,high
NEK2,NEK2,ENSG00000117650,492.0,24.0,17.392954878048773,1.4067333333333332,3.68559128787356,1.1782998118149577,2.934005066435579,2.934005066435579,1.2330026090536604e-23,4.395276319503968e-22,21.357013816775975,FDR Up-regulated,337.0,766.0,0.2658882772889215,0.005690078126669645,0.26019819916225184,7.193837121904127e-05,0.0010027088299940487,1693.0,495.13899999999995,1.0,0.00013735232656954466,0.0023861654534425235,none,1.0,True,validated,1.0,4.045545117549488,3.813203363714642,3,22.90903600442908,0.6666666666666666,0.6666666666666666,0.10403216263397025,1.0,1.0,0.5928870757794734,0.5928870757794734,23,high
SLC2A1,SLC2A1,ENSG00000117394,492.0,24.0,94.0136463414634,9.306575,5.791766938014186,3.2320835713525136,3.204569748228578,3.204569748228578,9.367527657262211e-20,1.88254927090701e-18,17.725253648432435,FDR Up-regulated,296.0,693.0,0.42164361961211494,0.009467947894035707,0.41217567171807923,3.555009050400003e-09,5.056772488998465e-07,2569.0,678.3620000000001,1.0,8.091575754418172e-05,8.648961176827419e-05,none,1.0,True,validated,1.0,4.039012432915378,3.894242873006727,0,19.02837501599465,0.6666666666666666,0.6666666666666666,0.10309556767121131,1.0,1.0,0.5926810248876664,0.5926810248876664,24,high
EPAS1,EPAS1,ENSG00000116016,492.0,24.0,176.19935853658532,1230.0955958333332,7.193793451805037,10.025705504964137,-2.7964975064741213,2.7964975064741213,5.2157172165430165e-14,4.0433199075003124e-13,12.39326189592437,FDR Down-regulated,337.0,766.0,-0.2650436674954939,-0.008477395900413296,-0.2565662715950806,8.748877670067891e-05,0.0011638944574268975,2158.0,603.3629999999999,1.0,9.999266421721578e-05,8.648961176827419e-05,none,1.0,True,validated,1.0,3.4939337083835444,3.007153154434849,0,13.28268596302463,0.6666666666666666,0.6666666666666666,0.09865162966729224,1.0,1.0,0.5917033585268042,0.5917033585268042,25,high
STX1A,STX1A,ENSG00000106089,492.0,24.0,14.463359959349596,1.7292416666666668,3.4772149217523975,1.4089242800266915,2.5022817776478417,2.5022817776478417,1.9914959908909724e-29,1.5764607465921447e-27,26.80231683858602,FDR Up-regulated,337.0,765.0,0.3434160214127525,-0.008029117651003736,0.35144513906375624,1.8304116911860238e-07,8.553067839295712e-06,1154.0,360.694,1.0,0.0002071002175998285,0.0007215366242038217,none,1.0,True,validated,1.0,3.1838020454530715,4.16003637972716,3,28.700820563538198,0.6666666666666666,0.6666666666666666,0.09805828885023637,1.0,1.0,0.5915728235470519,0.5915728235470519,26,high
COL3A1,COL3A1,ENSG00000168542,492.0,24.0,1102.0906229674797,184.47872499999997,9.417923581077941,7.07532183559056,2.5722256987859913,2.5722256987859913,8.045707796719109e-10,3.216947573167676e-09,8.492556016769623,FDR Up-regulated,337.0,766.0,0.3702107227313435,0.0036312156610978723,0.3665795070702456,2.4947001444854738e-08,1.8967072507687966e-06,1790.0,494.71299999999997,1.0,0.00014436753888728368,0.00010544623900515621,none,1.0,True,validated,1.0,3.1415916339128582,2.4072861640507264,0,9.094435744145676,0.6666666666666666,0.6666666666666666,0.09642154392384568,1.0,1.0,0.591212739663246,0.591212739663246,27,high
PLEK2,PLEK2,ENSG00000100558,492.0,24.0,41.209446544715455,5.703516666666666,4.94024419024999,2.696563436388263,2.654575875148486,2.654575875148486,8.418607743730391e-29,6.14485476913585e-27,26.21148837700995,FDR Up-regulated,277.0,624.0,0.2078342370883081,0.001051070501349526,0.20678316658695856,0.0035837971139818484,0.0195969585902556,1654.0,486.7299999999999,1.0,0.0001367312903705177,9.715271458902033e-05,none,1.0,True,validated,1.0,3.1983200867346118,4.325473213673015,3,28.074759725508724,0.6666666666666666,0.6666666666666666,0.0935292452835742,1.0,1.0,0.5905764339623862,0.5905764339623862,28,high
MKI67,MKI67,ENSG00000148773,492.0,24.0,21.18504776422764,2.598429166666667,3.929894506209623,1.689507874652472,2.624148494279883,2.624148494279883,6.461692783672058e-17,8.191774588383051e-16,15.086622006608511,FDR Up-regulated,337.0,765.0,0.35671633966363836,0.00834831887748841,0.3483680207861499,1.289371849320782e-07,6.779896051286292e-06,1907.0,561.558,1.0,9.279227551485053e-05,5.923946011525629e-05,none,1.0,True,validated,1.0,3.1019440428659975,3.1774160161345733,3,16.18965369403234,0.6666666666666666,0.6666666666666666,0.09166262363224875,1.0,1.0,0.5901657771990947,0.5901657771990947,29,high
NDC80,NDC80,ENSG00000080986,492.0,24.0,12.023489837398374,1.2637583333333333,3.203782664874423,1.1112258654681877,2.524324234720143,2.524324234720143,2.4399021391821185e-23,8.430161878842151e-22,21.0741640858245,FDR Up-regulated,318.0,699.0,0.3498178856379979,0.00776638676567624,0.34205149887232167,1.5279664340772976e-07,7.37415914356413e-06,1318.0,419.21600000000007,1.0,0.00014549457263023015,0.0004751004701243555,none,1.0,True,validated,1.0,2.8240957986038744,3.6819746626627983,3,22.612627592212707,0.6666666666666666,0.6666666666666666,0.08899298738787023,1.0,1.0,0.5895784572253314,0.5895784572253314,30,high
EZH2,EZH2,ENSG00000106462,492.0,24.0,16.279834959349593,2.7936375000000004,3.787243317593266,1.859128330477861,2.18743570419222,2.18743570419222,5.031002508030171e-21,1.2049393932939873e-19,18.919034796923082,FDR Up-regulated,337.0,765.0,0.414817580430926,0.013488220601811323,0.40132935982911466,7.03418932808142e-10,1.4452653813900623e-07,3611.0,1123.323,1.0,0.00031122747842839946,0.0013506596906278435,none,1.0,True,validated,1.0,8.538438920705865,2.2391409352986344,0,20.298345466171888,0.6666666666666666,0.6166563793374218,0.21937453283537509,1.0,1.0,0.5892564305728204,0.5892564305728204,31,high
CCNE1,CCNE1,ENSG00000105173,492.0,24.0,13.568483536585369,1.3506375000000002,3.187973634665054,1.1726068649673145,2.6317267338965467,2.6317267338965467,5.2067497881154045e-25,2.328673956960579e-23,22.632891313786143,FDR Up-regulated,337.0,766.0,0.32141101587883636,0.007107270930964541,0.31430374494787183,7.027482843595816e-07,2.421426153717254e-05,1675.0,505.7899999999999,1.0,0.00010161503709404322,0.00012440286624203822,none,1.0,True,validated,1.0,2.9395081634071456,3.9810006045535506,3,24.283433291971267,0.6666666666666666,0.6666666666666666,0.08730029327429031,1.0,1.0,0.5892060645203437,0.5892060645203437,32,high
KIF2C,KIF2C,ENSG00000142945,492.0,24.0,20.66010162601626,1.7214458333333333,3.8932366094123596,1.308106392184306,2.9925947852906383,2.9925947852906383,2.60691940118813e-21,6.492654065499713e-20,19.187577736114907,FDR Up-regulated,320.0,708.0,0.39994675973230187,0.0017197605065927752,0.3982269992257091,1.0461667527992912e-09,2.0012448486738165e-07,1066.0,376.8599999999999,1.0,0.00015916272453182212,0.00022629473764027906,none,1.0,True,validated,1.0,2.52321956321103,3.9853603382939187,3,20.58387239582068,0.6666666666666666,0.6666666666666666,0.08618407615480181,1.0,1.0,0.5889604967540564,0.5889604967540564,33,high
CENPF,CENPF,ENSG00000117724,492.0,24.0,15.804798780487806,1.4940833333333332,3.56190018503957,1.2625860329181544,2.752291693014665,2.752291693014665,2.51765256875939e-27,1.5606669103622087e-25,24.80668977754469,FDR Up-regulated,337.0,766.0,0.39246827472576135,0.008106093602036138,0.3843621811237252,2.1934381002703897e-09,3.526984887318837e-07,1321.0,404.9660000000002,1.0,0.00014079925680537112,0.0004288936912344556,none,1.0,True,validated,1.0,2.8069645587177527,4.297799178384778,3,26.59900420190141,0.6666666666666666,0.6666666666666666,0.08590728393563817,1.0,1.0,0.5888996024658403,0.5888996024658403,34,high
TK1,TK1,ENSG00000167900,492.0,24.0,114.3821524390244,17.97030416666667,6.388079002662894,4.071796694445572,2.604605366073571,2.604605366073571,4.888267764192523e-16,5.386998873990204e-15,14.268653115231823,FDR Up-regulated,337.0,766.0,0.40238773255285637,0.0007314992747597844,0.4016562332780966,2.4752515999352987e-10,6.367820996300158e-08,1498.0,442.50199999999995,1.0,0.0001194793261425165,0.0003980891719745223,none,1.0,True,validated,1.0,2.718307628775908,3.085120537502245,3,15.310845012805142,0.6666666666666666,0.6666666666666666,0.08510089840930228,1.0,1.0,0.5887221976500464,0.5887221976500464,35,high
PBK,PBK,ENSG00000168078,492.0,24.0,15.49835162601626,1.4034000000000002,3.428057964725359,1.1563456504222984,2.779173207357267,2.779173207357267,1.377807136210886e-19,2.6610774482991697e-18,17.57494248550893,FDR Up-regulated,277.0,626.0,0.33687711643922524,0.007878518163653526,0.3289985982755717,1.920658458957849e-06,5.520649119724698e-05,1474.0,398.6090000000001,1.0,0.00012063155090606262,0.0012001914619350926,none,1.0,True,validated,1.0,2.9309737729841925,3.5115151776390015,3,18.860811570194276,0.6666666666666666,0.6666666666666666,0.0832964047241861,1.0,1.0,0.5883252090393208,0.5883252090393208,36,high
ADRB2,ADRB2,ENSG00000169252,490.0,24.0,9.062399795918367,79.42726666666668,2.879935156239975,6.209606314695431,-2.9987102741026037,2.9987102741026037,3.042208482731469e-22,9.01488176227334e-21,20.045039965040193,FDR Down-regulated,320.0,708.0,-0.4201135135879667,-0.0006907169130304565,-0.41942279667493626,6.50232543410414e-09,7.361561295039331e-07,1443.0,428.022,1.0,0.00014530860312701673,0.0006516340612678193,none,1.0,True,validated,1.0,3.056558201489051,3.9889757708926816,3,21.516811027036038,0.6639566395663956,0.6639566395663956,0.09074068130517694,1.0,1.0,0.5882556328139682,0.5882556328139682,37,high
PLAU,PLAU,ENSG00000122861,492.0,24.0,162.8533268292683,25.821495833333334,6.428578426929233,4.679459333014514,2.6109433616085123,2.6109433616085123,5.838247621895243e-22,1.665629325766086e-20,19.778421641396058,FDR Up-regulated,337.0,766.0,0.42228212254329167,0.0012235702581578432,0.42105855228513384,1.3766000728238146e-09,2.4634480335451974e-07,1788.0,489.52000000000004,1.0,8.95125350839707e-05,6.160903851986655e-05,none,1.0,True,validated,1.0,2.823713481720542,3.6914118447563333,3,21.233717488905718,0.6666666666666666,0.6666666666666666,0.08207265752872794,1.0,1.0,0.58805598465632,0.58805598465632,38,high
TPX2,TPX2,ENSG00000088325,492.0,24.0,55.78494451219514,4.285141666666667,5.165613554906964,2.2094270246159398,3.425494428011551,3.425494428011551,3.1751032662297786e-19,5.812748770021748e-18,17.23561844706788,FDR Up-regulated,301.0,639.0,0.4857476343813838,0.003442998514704717,0.4823046358666791,9.058009881381975e-13,2.00997239267866e-09,1359.0,398.29,1.0,0.00013131005671240597,5.805467091295117e-05,none,1.0,True,validated,1.0,2.569957115831283,4.220995447368023,3,18.498242145261944,0.6666666666666666,0.6666666666666666,0.08124049764728242,1.0,1.0,0.587872909482402,0.587872909482402,39,high
TEK,TEK,ENSG00000120156,492.0,24.0,7.656146951219511,75.05934583333332,2.757085044770018,6.037433107648027,-3.1353286343556652,3.1353286343556652,3.507202163287441e-16,3.9875209491024644e-15,14.3992970222907,FDR Down-regulated,337.0,765.0,-0.1654196612147244,-0.004241050225610272,-0.16117861098911412,0.01111459633818953,0.046612809463321074,1279.0,376.273,1.0,0.0001327864214911132,0.0006231991204124962,none,1.0,True,validated,1.0,2.5784319908595235,3.6041882368709293,3,15.455039199653234,0.6666666666666666,0.6666666666666666,0.08122018759841676,1.0,1.0,0.5878684412716516,0.5878684412716516,40,high
DLGAP5,DLGAP5,ENSG00000126787,492.0,24.0,16.36270223577236,1.2410625000000002,3.5660951331410846,1.0609212001882005,2.9537367091969524,2.9537367091969524,1.6900531292584952e-23,5.949057580882565e-22,21.22555182752174,FDR Up-regulated,337.0,763.0,0.3518639204233266,0.009765272364716093,0.3420986480586105,3.279688652337891e-08,2.3628665972525256e-06,993.0,327.7339999999999,1.0,0.0001454167446541332,0.0009478313618441007,none,1.0,True,validated,1.0,2.4848253699871075,4.120632942299749,3,22.772099642498095,0.6666666666666666,0.6666666666666666,0.07973642271160886,1.0,1.0,0.5875420129965538,0.5875420129965538,41,high
AURKA,AURKA,ENSG00000087586,492.0,24.0,28.051809756097565,4.789054166666667,4.384535482747846,2.431359868476654,2.3272284771431684,2.3272284771431684,1.735297470260378e-18,2.8685147692215915e-17,16.542342909708704,FDR Up-regulated,317.0,698.0,0.19061385384064508,0.005193576793103642,0.18542027704754144,0.004323399799130145,0.022744485903911316,2511.0,760.9420000000002,1.0,0.00018929334563344314,0.003103752780305328,none,1.0,True,validated,1.0,6.1043835844366265,2.3811583392984454,0,17.760626066337704,0.6666666666666666,0.6390232230095736,0.15220660262946706,1.0,1.0,0.5874522552573687,0.5874522552573687,42,high
MELK,MELK,ENSG00000165304,492.0,24.0,17.827430894308943,1.3273916666666667,3.676789895414124,1.1283263385309021,3.016050228582245,3.016050228582245,2.6606376096512238e-24,1.0605439890385173e-22,21.97447131319128,FDR Up-regulated,337.0,766.0,0.3961988352892025,0.007354699451596094,0.3888441358376064,1.8967746776155092e-09,3.0948110364917756e-07,1423.0,393.5729999999999,1.0,0.00012232098337952897,1.4217470427661511e-05,none,1.0,True,validated,1.0,2.5472372381537607,4.331472741237926,3,23.575014274207152,0.6666666666666666,0.6666666666666666,0.07826811016038307,1.0,1.0,0.5872189842352842,0.5872189842352842,43,high
SPAG5,SPAG5,ENSG00000076382,492.0,24.0,17.783318495934957,2.0885458333333338,3.8010655024625137,1.5673293598731382,2.6044523248206266,2.6044523248206266,2.8317726599275995e-25,1.297459750517371e-23,22.886906105848933,FDR Up-regulated,318.0,699.0,0.3774854459202374,0.011987538860034256,0.3654979070602032,2.87261818686231e-08,2.110708528691214e-06,1631.0,426.9080000000001,1.0,9.53016208473077e-05,0.00012084849863512285,none,1.0,True,validated,1.0,2.6134587119096424,4.028972354739753,3,24.547941615566334,0.6666666666666666,0.6666666666666666,0.07610244904562805,1.0,1.0,0.5867425387900381,0.5867425387900381,44,high
CDKN3,CDKN3,ENSG00000100526,492.0,24.0,17.33007113821138,2.083279166666667,3.6654484359591697,1.52919282894441,2.571674959770372,2.571674959770372,1.1631280082789202e-20,2.6253683196239457e-19,18.58080975970214,FDR Up-regulated,337.0,766.0,0.39601041195162456,0.006420057972129581,0.389590353979495,2.525318826833771e-10,6.367820996300158e-08,1666.0,443.1769999999999,1.0,8.551253046550426e-05,1.8956627236882015e-05,none,1.0,True,validated,1.0,2.509323728778692,3.575503939749516,3,19.93437248627766,0.6666666666666666,0.6666666666666666,0.07525694065395898,1.0,1.0,0.586556526943871,0.586556526943871,45,high
CEP55,CEP55,ENSG00000138180,492.0,24.0,24.49731768292682,2.4635708333333333,4.1781118425243085,1.67544492292596,2.880013399850969,2.880013399850969,3.232322839602391e-20,6.960433639659759e-19,18.15736370271059,FDR Up-regulated,277.0,625.0,0.4093164427908615,0.004283786302898079,0.4050326564879634,1.743948274408857e-09,2.9316827431161014e-07,884.0,296.3499999999999,1.0,0.00014774827951361902,0.00012084849863512285,none,1.0,True,validated,1.0,1.9655919775894326,3.856881559627124,3,19.490485269043564,0.6666666666666666,0.6666666666666666,0.07311376463863985,1.0,1.0,0.5860850282205007,0.5860850282205007,46,high
HJURP,HJURP,ENSG00000123485,492.0,24.0,14.408741869918698,0.9924458333333334,3.4122176079038744,0.8861664428936272,2.951136661291515,2.951136661291515,7.09100195170401e-23,2.3125993018893874e-21,20.63589960979469,FDR Up-regulated,277.0,626.0,0.375659026114761,0.01127167332240718,0.3643873527923538,1.4448814025039056e-07,7.124870738124814e-06,717.0,273.52099999999996,1.0,0.00013659932845096513,0.0012546917652411283,none,1.0,True,validated,1.0,2.1113396868995076,4.087133956776129,3,22.149292395091663,0.6666666666666666,0.6666666666666666,0.07219521682115534,1.0,1.0,0.5858829477006541,0.5858829477006541,47,high
MMP1,MMP1,ENSG00000196611,492.0,24.0,163.16325223577232,5.599312499999999,5.246319306012143,1.6822326276951465,4.636671671415652,4.636671671415652,1.6208736332111506e-11,8.455925225734285e-11,10.072838866073687,FDR Up-regulated,337.0,766.0,0.20678955249388864,0.006618822784668841,0.20017072970921979,0.001894066661336928,0.012084341349932845,1457.0,418.481,1.0,8.401242641969187e-05,4.976114649681529e-05,none,1.0,True,validated,1.0,2.346772806393168,4.695421045804007,3,10.790250842362056,0.6666666666666666,0.6666666666666666,0.07199875752939393,1.0,1.0,0.5858397266564666,0.5858397266564666,48,high
MYBL2,MYBL2,ENSG00000101057,492.0,24.0,65.5649430894309,6.138370833333332,5.269537373127311,2.047788712320935,3.2210958160501937,3.2210958160501937,5.1835793025623095e-14,4.0231769916217366e-13,12.395430861091715,FDR Up-regulated,337.0,766.0,0.3841639104802217,0.009303634243411822,0.3748602762368099,4.589270508336003e-10,1.018359125799759e-07,1716.0,453.11899999999997,1.0,6.661480865468082e-05,3.554367606915378e-05,none,1.0,True,validated,1.0,2.411719319491052,3.578291274989006,3,13.285370252891656,0.6666666666666666,0.6666666666666666,0.07187422841389261,1.0,1.0,0.5858123302510563,0.5858123302510563,49,high
ZWINT,ZWINT,ENSG00000122952,492.0,24.0,46.47370264227642,7.3143875,5.171733322003145,2.9428465003130992,2.5134466822262387,2.5134466822262387,2.0870232208330297e-18,3.386842976560704e-17,16.470204937986026,FDR Up-regulated,318.0,699.0,0.3136964675531255,0.00505572089285707,0.3086407466602685,2.6244541525818915e-06,6.999595870888482e-05,684.0,250.192,1.0,0.00014558153090672753,0.0012167785107673643,none,1.0,True,validated,1.0,1.9669645987618662,3.250234830390672,3,17.680472718819765,0.6666666666666666,0.6666666666666666,0.07141067560894397,1.0,1.0,0.5857103486339676,0.5857103486339676,50,high
KIFC1,KIFC1,ENSG00000237649,492.0,24.0,30.16810955284553,4.463350000000001,4.438263348699855,2.305562360356649,2.512212898619637,2.512212898619637,4.1685321673935604e-17,5.448497742203319e-16,15.26372322473364,FDR Up-regulated,337.0,765.0,0.3371257280658147,0.011488000217679085,0.3256377278481356,2.521322983035752e-07,1.1100824800310188e-05,1233.0,361.1009999999999,1.0,9.866257162180714e-05,0.0004727308917197452,none,1.0,True,validated,1.0,2.1043317556959487,3.185248398845892,3,16.38001684282531,0.6666666666666666,0.6666666666666666,0.07033517199954978,1.0,1.0,0.5854737378399009,0.5854737378399009,51,medium
PDK4,PDK4,ENSG00000004799,492.0,24.0,34.35972296747968,213.7697875,4.3992386424265995,7.320293253572125,-2.602612181267458,2.602612181267458,2.4417804887633657e-12,1.4330268298308078e-11,10.843745678452347,FDR Down-regulated,313.0,739.0,-0.25105479584572415,-0.010630896965581142,-0.240423898880143,0.0012808503061645126,0.00899072723896132,2055.0,492.658,1.0,4.086864758175857e-05,2.606536245071277e-05,none,1.0,True,validated,1.0,2.5219577279717114,2.8234386999702177,3,11.612293380851316,0.6666666666666666,0.6666666666666666,0.07030685129354118,1.0,1.0,0.585467507284579,0.585467507284579,52,medium
KIF4A,KIF4A,ENSG00000090889,492.0,24.0,15.055498577235776,1.029095833333333,3.4742403243709243,0.9566027879431255,2.984158556603435,2.984158556603435,1.9975729102953987e-28,1.3975550556220214e-26,25.854631074402633,FDR Up-regulated,260.0,568.0,0.42719500101207253,-5.0747242402023e-10,0.4271950015195449,1.5955516932048567e-09,2.80994381525522e-07,903.0,306.851,1.0,0.00012037484186196965,0.00013506596906278436,none,1.0,True,validated,1.0,1.915270612109925,4.777139127575126,3,27.699497360218682,0.6666666666666666,0.6666666666666666,0.06769804408511232,1.0,1.0,0.5848935696987246,0.5848935696987246,53,medium
PSAT1,PSAT1,ENSG00000135069,492.0,24.0,45.48444613821138,4.018316666666666,4.872101830288775,2.2060472203545776,3.211472650129765,3.211472650129765,7.509003923018122e-22,2.072165550671171e-20,19.683575550630067,FDR Up-regulated,275.0,580.0,0.27734277247916905,0.014371713644178616,0.26297105883499045,0.0010911019689118743,0.007964326542813977,1619.0,425.47300000000007,1.0,5.278792665852645e-05,0.0,none,1.0,True,validated,1.0,2.2223468801008073,4.361368178720337,3,21.12441766877843,0.6666666666666666,0.6666666666666666,0.06494392920675075,1.0,1.0,0.5842876644254851,0.5842876644254851,54,medium
FOSB,FOSB,ENSG00000125740,492.0,24.0,62.09393536585366,554.8105416666666,4.184356183213415,8.112237038050994,-3.1390199532710175,3.1390199532710175,3.7875835209710157e-10,1.58506939059549e-09,8.799951720643033,FDR Down-regulated,337.0,766.0,-0.24056488108193883,-1.8560895988080582e-05,-0.24054632018595073,0.00017660157549399564,0.0019652903511593596,1329.0,348.277,1.0,7.511326894609576e-05,4.028283287837428e-05,none,1.0,True,validated,1.0,1.7726333301365063,3.2037021796246896,3,9.421637781645572,0.6666666666666666,0.6666666666666666,0.0611976089730866,1.0,1.0,0.5834634739740789,0.5834634739740789,55,medium
THBS2,THBS2,ENSG00000186340,492.0,24.0,47.15246300813008,7.7292708333333335,4.729076455090285,2.6651497995716347,2.4636765401770835,2.4636765401770835,1.973139771764645e-09,7.48798327520227e-09,8.125635134288043,FDR Up-regulated,337.0,766.0,0.3874435202717416,0.001898729393298813,0.3855447908784428,1.2258303612852061e-08,1.1148022834802755e-06,1706.0,431.12899999999996,1.0,9.30445461282355e-05,9.478313618441007e-06,none,1.0,True,validated,1.0,2.4042951418044196,2.395451795501515,3,8.70484214943809,0.6666666666666666,0.660854913095,0.07560689306805912,1.0,1.0,0.5832626994034064,0.5832626994034064,56,medium
AOC3,AOC3,ENSG00000131471,492.0,24.0,38.437619715447155,244.90442083333332,4.831646031070543,7.818926250002431,-2.640453287116713,2.640453287116713,9.598696137890447e-21,2.1900353935178736e-19,18.659548866399472,FDR Down-regulated,337.0,766.0,-0.37768815232451886,-0.01227049516664706,-0.3654176571578718,1.1664570793174596e-07,6.2520972439745005e-06,1175.0,332.015,1.0,7.592445320820866e-05,5.6869881710646044e-05,none,1.0,True,validated,1.0,1.6925552834529893,3.757592298586817,3,20.017787756395563,0.6666666666666666,0.6666666666666666,0.05948101548535779,1.0,1.0,0.5830858234067786,0.5830858234067786,57,medium
AGER,AGER,ENSG00000204305,492.0,24.0,120.552031097561,3782.8696999999993,5.207656970855252,11.753396417768945,-4.96021650371889,4.96021650371889,9.52769227938857e-39,2.2006358838735707e-36,35.657451809652976,FDR Down-regulated,320.0,708.0,-0.308541303932725,-0.0015009905673342488,-0.3070403133653907,7.053864935378889e-06,0.00015652526291605752,994.0,287.53900000000004,1.0,9.867834835247286e-05,4.739156809220504e-06,none,1.0,True,validated,1.0,2.0616421910009097,7.699874330107137,3,38.02101227792343,0.6666666666666666,0.6666666666666666,0.05945661480846116,1.0,1.0,0.5830804552578613,0.5830804552578613,58,medium
VWF,VWF,ENSG00000110799,492.0,24.0,66.37078455284554,328.2086541666667,5.59920093433957,8.217847875389717,-2.2888072563676394,2.2888072563676394,7.34777673682006e-18,1.084858700170955e-16,15.964626823780643,FDR Down-regulated,317.0,738.0,-0.26772319940829575,-8.620167886813077e-05,-0.2676369977294276,0.0002524665459001072,0.00255809710206547,2556.0,756.709,1.0,0.0002075382147443074,0.0010911908553230209,none,1.0,True,validated,1.0,5.544751629764604,2.493577075465869,0,17.133844048261732,0.6666666666666666,0.6328758276854889,0.14799486012562424,1.0,1.0,0.5829601826185542,0.5829601826185542,59,medium
EDNRB,EDNRB,ENSG00000136160,492.0,24.0,9.656522967479676,108.0465958333333,2.928811950763789,6.495982901906772,-3.355136038845448,3.355136038845448,9.047058123861283e-16,9.45706429178085e-15,14.024243658497735,FDR Down-regulated,337.0,766.0,-0.20417956364526238,0.0019248492080568124,-0.20610441285331918,0.004727416646544055,0.0243843271470973,1179.0,304.78799999999984,1.0,7.163033550112248e-05,0.00024406657567485593,none,1.0,True,validated,1.0,1.655159194543748,3.9572023228677775,3,15.043492619499691,0.6666666666666666,0.6666666666666666,0.0558615236780151,1.0,1.0,0.5822895352091633,0.5822895352091633,60,medium
FOS,FOS,ENSG00000170345,492.0,24.0,337.6079556910569,1421.3118958333337,7.722077644869676,10.029252963206806,-2.0705500899827665,2.0705500899827665,5.763813771962029e-09,2.0442503998538445e-08,7.689465908628174,FDR Down-regulated,337.0,766.0,-0.2383766124986709,-0.00658681683787011,-0.2317897956608008,0.0007378746307457947,0.005868615790770317,4060.0,1214.9460000000001,1.0,0.0003083474867799658,0.002670514861995754,none,1.0,True,validated,1.0,9.479701622889971,0.7434188449354276,0,8.23929005962693,0.6666666666666666,0.5979546810639093,0.23521993260858118,1.0,1.0,0.5818954335242885,0.5818954335242885,61,medium
CDA,CDA,ENSG00000158825,492.0,24.0,68.5455924796748,11.398387499999998,4.662705588374824,3.443904688014694,2.4878065855632583,2.4878065855632583,1.3774093860669712e-08,4.6245519033204305e-08,7.334930341918068,FDR Up-regulated,337.0,765.0,0.22206917009972732,-0.005887865381668401,0.22795703548139573,0.0013211837032222915,0.009196068498902964,1014.0,272.887,1.0,9.87573213601915e-05,0.00021089247801031242,none,1.0,True,validated,1.0,1.439529294435357,2.4433609348038,3,7.860936961932081,0.6666666666666666,0.6647157203567879,0.058527927459284625,1.0,1.0,0.5817445951813129,0.5817445951813129,62,medium
SLC7A5,SLC7A5,ENSG00000103257,492.0,24.0,94.88395121951217,14.177854166666668,5.910496891064414,3.668531103552477,2.6593215232390337,2.6593215232390337,7.799273940518062e-14,5.831643366344791e-13,12.234209043120188,FDR Up-regulated,337.0,766.0,0.3637970433547041,0.017509249375702075,0.346287793979002,1.3616029804341398e-05,0.0002641081305579857,1149.0,286.59900000000005,1.0,7.209968523969545e-05,0.0,none,1.0,True,validated,1.0,1.391490870895736,3.153876074185111,3,13.107945825297126,0.6666666666666666,0.6666666666666666,0.052763746699886836,1.0,1.0,0.5816080242739751,0.5816080242739751,63,medium
SMAD6,SMAD6,ENSG00000137834,492.0,24.0,4.9701158536585375,34.33434583333334,2.3581638588443017,4.72982627551853,-2.565240366509467,2.565240366509467,7.899352482442959e-10,3.160678267832718e-09,8.500219709670128,FDR Down-regulated,336.0,748.0,-0.28988504927439773,-0.003945360666160835,-0.2859396886082369,2.9451008312762133e-05,0.0004913668229023998,954.0,258.42900000000003,1.0,7.060595521422385e-05,0.0008814831665150137,none,1.0,True,validated,1.0,1.3783350894487185,2.6130355747874137,3,9.102408506788965,0.6666666666666666,0.6666666666666666,0.05254820192989912,1.0,1.0,0.5815606044245777,0.5815606044245777,64,medium
KCNN4,KCNN4,ENSG00000104783,492.0,24.0,56.91770955284552,6.527070833333333,5.061480151958763,2.6451500968907813,2.9438440968043715,2.9438440968043715,4.80196519702241e-14,3.755377327782693e-13,12.425346420007084,FDR Up-regulated,317.0,689.0,0.32468542607048706,-0.0013899148221523736,0.32607534089263945,2.36862795223435e-06,6.488870896306201e-05,777.0,212.12700000000004,1.0,9.084570278602335e-05,2.8434940855323022e-05,none,1.0,True,validated,1.0,1.042516741202158,3.4801077679745376,3,13.318580991883302,0.6666666666666666,0.6666666666666666,0.04841828136290043,1.0,1.0,0.580652021899838,0.580652021899838,65,medium
COL10A1,COL10A1,ENSG00000123500,492.0,23.0,58.14981097560975,3.7557130434782615,4.972001735547477,1.4616625356126602,3.6366399865926065,3.6366399865926065,3.0423964442641354e-13,2.0684615502716767e-12,11.684352547603877,FDR Up-regulated,335.0,722.0,0.18592690346734736,-0.0013300832772145043,0.18725698674456187,0.00986461672756305,0.04253809968952756,940.0,259.003,1.0,5.244427146024472e-05,1.6587048832271762e-05,none,1.0,True,validated,1.0,1.0659191797770098,4.087127867909924,3,12.516784195168578,0.6666666666666666,0.6666666666666666,0.04461356974863309,1.0,1.0,0.5798149853446992,0.5798149853446992,66,medium
GINS1,GINS1,ENSG00000101003,492.0,24.0,13.117002845528454,1.4810208333333337,3.405147442551386,1.2654373463747925,2.5084280704119277,2.5084280704119277,8.249189295298096e-28,5.349599258000816e-26,25.271678750045588,FDR Up-regulated,320.0,707.0,0.3746614435338415,0.0018172273618173081,0.3728442161720242,6.1514300681294305e-09,7.112112893872812e-07,785.0,247.012,1.0,5.579701722068065e-05,3.791325447376403e-05,none,1.0,True,validated,1.0,1.007891018369246,4.418476511885027,3,27.08358873046569,0.6666666666666666,0.6666666666666666,0.044064624224900956,1.0,1.0,0.5796942173294781,0.5796942173294781,67,medium
KIF11,KIF11,ENSG00000138160,492.0,24.0,17.308723170731707,2.699924999999999,3.791864505064697,1.8137773935191148,2.3069632510132903,2.3069632510132903,1.0641833103464781e-20,2.414965652187344e-19,18.61708904179511,FDR Up-regulated,337.0,766.0,0.330975898135611,0.004025012170319557,0.3269508859652915,2.1921668911355353e-07,9.807295023043856e-06,1723.0,565.3459999999999,1.0,0.00022257793947087531,0.00029619730057628147,none,1.0,True,validated,1.0,4.12574697757498,3.019978872949163,0,19.972983556425454,0.6666666666666666,0.635780786828793,0.12511745484015538,1.0,1.0,0.5796120297588674,0.5796120297588674,68,medium
HMMR,HMMR,ENSG00000072571,492.0,24.0,11.984216869918699,1.4419041666666665,3.2474245621175957,1.2103730597309412,2.410680514421975,2.410680514421975,1.1331915788507802e-21,2.9807711717633397e-20,19.5256713626641,FDR Up-regulated,337.0,766.0,0.3505804688817937,0.00587266817912046,0.34470780070267326,3.1607578939931466e-07,1.3103994063303433e-05,1482.0,401.5510000000001,1.0,0.00012280772550523237,0.00036728465271458903,none,1.0,True,validated,1.0,2.654272136539458,3.45513173839033,3,20.9456966615362,0.6666666666666666,0.6523755489741827,0.08079982964910967,1.0,1.0,0.5794871142611634,0.5794871142611634,69,medium
NCAPG,NCAPG,ENSG00000109805,492.0,24.0,9.672227642276422,0.9953083333333334,2.9098100443264086,0.9205767007413862,2.4191777378942136,2.4191777378942136,7.035684763695932e-22,1.964051006633727e-20,19.70684723772426,FDR Up-regulated,260.0,567.0,0.41407714859143685,4.31578494674104e-10,0.41407714815985835,1.7364098126499769e-09,2.9316827431161014e-07,1037.0,332.91099999999994,1.0,0.00014659807912533533,6.0424249317561424e-05,none,1.0,True,validated,1.0,2.1506473465704055,3.5559089522390583,3,21.152693627494045,0.6666666666666666,0.6537351047297408,0.07704508003962102,1.0,1.0,0.5794496116852996,0.5794496116852996,70,medium
TGFBR3,TGFBR3,ENSG00000069702,492.0,24.0,6.283815853658536,40.87555,2.43709007672795,5.218613887022641,-2.523341784879089,2.523341784879089,2.2842982365829697e-16,2.6691304620253258e-15,14.573630198204631,FDR Down-regulated,337.0,766.0,-0.2847741432183972,-0.000412314200886907,-0.28436182901751034,3.803800099529959e-05,0.0006020422554106261,1160.0,269.223,1.0,3.982928437587255e-05,7.1087352138307555e-06,none,1.0,True,validated,1.0,1.105284944774512,3.320489068709517,3,15.641247195502054,0.6666666666666666,0.6666666666666666,0.04270901221809764,1.0,1.0,0.5793959826879814,0.5793959826879814,71,medium
MMP12,MMP12,ENSG00000262406,492.0,23.0,67.08251849593496,4.827547826086957,4.667397470397125,1.6174263977174927,3.546323561353661,3.546323561353661,1.8972450587426472e-10,8.345799357020552e-10,9.078532060456595,FDR Up-regulated,337.0,766.0,0.22661823828950614,0.002223095964131556,0.22439514232537458,0.0013609159274328379,0.009407702314559088,1057.0,276.3330000000001,1.0,3.4106195450234246e-05,1.184789202305126e-05,none,1.0,True,validated,1.0,1.0195068356346828,3.7456590326771333,3,9.72187656959316,0.6666666666666666,0.6666666666666666,0.042183600318111504,1.0,1.0,0.5792803920699845,0.5792803920699845,72,medium
DUOX1,DUOX1,ENSG00000137857,492.0,24.0,16.63337906504065,100.65850833333333,3.282090867094159,6.612399641247463,-2.5273500986172417,2.5273500986172417,1.9117828081076442e-39,4.5400802714792936e-37,36.34293646847498,FDR Down-regulated,277.0,626.0,-0.42867338184300063,-0.001968330231505616,-0.426705051611495,8.61030408496759e-09,9.012389039878813e-07,875.0,220.00300000000001,1.0,5.98668991926432e-05,2.369578404610252e-06,none,1.0,True,validated,1.0,1.1889126709733533,5.566331180654175,3,38.71856144814682,0.6666666666666666,0.6666666666666666,0.04162846930533106,1.0,1.0,0.5791582632471728,0.5791582632471728,73,medium
EGLN3,EGLN3,ENSG00000129521,492.0,24.0,30.999807520325206,4.240583333333334,4.08142097177321,2.220568469654601,2.6102639139900843,2.6102639139900843,5.160133547663618e-14,4.0094475459519017e-13,12.396915463856981,FDR Up-regulated,277.0,626.0,0.3116781570820898,-0.0023855731767504075,0.3140637302588402,3.586386098298059e-05,0.0005758459299655132,654.0,193.7839999999999,1.0,5.452329177790992e-05,2.606536245071277e-05,none,1.0,True,validated,1.0,0.5445719616854473,3.239784270368405,3,13.287339058399368,0.6666666666666666,0.6666666666666666,0.037207022356525496,1.0,1.0,0.5781855449184355,0.5781855449184355,74,medium
TROAP,TROAP,ENSG00000135451,492.0,23.0,11.136545528455285,0.8407608695652173,3.0754086024555995,0.8234196575690111,2.7209837145332374,2.7209837145332374,4.074896053106254e-27,2.4278029099443304e-25,24.614786572373486,FDR Up-regulated,337.0,766.0,0.33483022209450336,0.009927511247847284,0.32490271084665606,1.613439833774564e-07,7.715997825745167e-06,610.0,188.555,1.0,5.211791012377447e-05,2.369578404610252e-05,none,1.0,True,validated,1.0,0.6584198378645808,4.603239267171868,3,26.389883465240114,0.6666666666666666,0.6666666666666666,0.03596573372785212,1.0,1.0,0.5779124614201274,0.5779124614201274,75,medium
EMCN,EMCN,ENSG00000164035,492.0,24.0,8.019775,51.03800416666667,2.794721204443761,5.537824900448245,-2.5284022801456287,2.5284022801456287,2.731743507538232e-16,3.152630204011097e-15,14.501326967969527,FDR Down-regulated,277.0,625.0,-0.22666913112003478,-0.005427929183281958,-0.2212412019367528,0.0021784400200284995,0.013487607155254575,713.0,188.27300000000002,1.0,4.332437640677996e-05,1.4217470427661511e-05,none,1.0,True,validated,1.0,0.504842584816312,3.392371554783835,3,15.563560080426146,0.6666666666666666,0.6666666666666666,0.033722720657543705,1.0,1.0,0.5774189985446595,0.5774189985446595,76,medium
TNNC1,TNNC1,ENSG00000114854,492.0,24.0,19.869303048780488,218.05784999999995,3.6134503389168064,7.707837404701565,-3.391857588798941,3.391857588798941,7.482205621756634e-40,1.9408841382836707e-37,36.71200038918965,FDR Down-regulated,337.0,766.0,-0.3231921450867807,-0.0017021501291842338,-0.32148999495759645,2.4947172779561256e-06,6.750948341200783e-05,825.0,186.53900000000002,1.0,4.2406335884251334e-05,0.0,none,1.0,True,validated,1.0,0.9972573385983767,6.470849897335437,3,39.12597036093771,0.6666666666666666,0.6666666666666666,0.03322667644351379,1.0,1.0,0.577309868817573,0.577309868817573,77,medium
PTPRB,PTPRB,ENSG00000127329,492.0,24.0,7.336937195121951,47.4439125,2.731103034259588,5.31491348085137,-2.53872601472175,2.53872601472175,1.0500497200658505e-12,6.5476658025260005e-12,11.183913495390637,FDR Down-regulated,337.0,766.0,-0.2001343141924811,-0.004231915069992019,-0.19590239912248908,0.004802226276791264,0.024630890695025713,793.0,188.76599999999996,1.0,4.041019633386629e-05,4.739156809220504e-06,none,1.0,True,validated,1.0,0.5017502166416138,3.0605298082978742,3,11.978790136511957,0.6666666666666666,0.6666666666666666,0.033025133582665046,1.0,1.0,0.5772655293881862,0.5772655293881862,78,medium
FOXF1,FOXF1,ENSG00000103241,492.0,24.0,7.834236585365852,54.33376666666667,2.848152377278527,5.512954086854934,-2.6469827597905553,2.6469827597905553,8.921597326075283e-13,5.631862692435618e-12,11.249347942048553,FDR Down-regulated,337.0,766.0,-0.18632099956850237,0.00478055976750048,-0.19110155933600284,0.0034622158921252507,0.01909209012083979,844.0,199.62599999999998,1.0,3.452954195275006e-05,4.739156809220504e-06,none,1.0,True,validated,1.0,0.5424978743632961,3.169307736778423,3,12.049557382418097,0.6666666666666666,0.6666666666666666,0.03289912059958431,1.0,1.0,0.5772378065319085,0.5772378065319085,79,medium
MB,MB,ENSG00000198125,487.0,24.0,16.425091786447638,2.1209791666666664,3.28527892976207,1.167525661287816,2.481095623447446,2.481095623447446,7.735058701256492e-11,3.6107648051463377e-10,9.442400799347674,FDR Up-regulated,337.0,766.0,0.192093662590822,-0.004343407285732871,0.19643706987655488,0.008854361765480418,0.03944087445197161,1190.0,328.61800000000005,1.0,7.705009074417e-05,5.568509250834092e-05,none,1.0,True,validated,1.0,1.5541606324563908,2.6635421964092876,3,10.111536386097123,0.6598915989159891,0.6568976374912432,0.05933945409000804,1.0,1.0,0.5770498895905223,0.5770498895905223,80,medium
NPR1,NPR1,ENSG00000169418,492.0,24.0,9.363753861788616,56.426725,2.87150956284766,5.754235008275773,-2.470175631168997,2.470175631168997,6.058045547201066e-22,1.7138373485127044e-20,19.766030397112516,FDR Down-regulated,337.0,765.0,-0.40163635949048737,-0.0024334737297537086,-0.39920288576073365,2.925221071886517e-11,1.7081751469779422e-08,644.0,176.87400000000005,1.0,8.667288522298198e-05,2.369578404610252e-06,none,1.0,True,validated,1.0,0.833880273883119,3.819089975268663,3,21.217667465763196,0.6666666666666666,0.6618947676537061,0.04298071289921874,1.0,1.0,0.576688055410311,0.576688055410311,81,medium
PTGES,PTGES,ENSG00000148344,492.0,24.0,79.80522784552845,10.237245833333334,5.580514599955806,3.3601407944862913,2.8461601489604202,2.8461601489604202,7.192948833745543e-18,1.0638623709279263e-16,15.973114551940057,FDR Up-regulated,318.0,699.0,0.34376911916360026,-0.0033079806654627442,0.347077099829063,1.7785142198217468e-05,0.0003283297049737484,551.0,138.50400000000002,1.0,5.190283343192067e-05,0.0,none,1.0,True,validated,1.0,0.3355862787841088,3.869700046018442,3,17.1430930289945,0.6666666666666666,0.6666666666666666,0.029708783888038555,1.0,1.0,0.5765359324553684,0.5765359324553684,82,medium
CALCRL,CALCRL,ENSG00000064989,492.0,24.0,14.888868495934961,101.46276666666667,3.662051059824138,6.433223694678456,-2.6890114587179057,2.6890114587179057,1.4844679168932556e-13,1.0578873012145892e-12,11.975560596069833,FDR Down-regulated,337.0,766.0,-0.2171706659366993,-0.00017577224817156168,-0.21699489368852773,0.004651870136650086,0.024084227329039993,568.0,140.344,1.0,5.07755818086902e-05,7.1087352138307555e-06,none,1.0,True,validated,1.0,0.27473227106053144,3.3109277250131783,3,12.828429184168838,0.6666666666666666,0.6666666666666666,0.029684086977223814,1.0,1.0,0.5765304991349892,0.5765304991349892,83,medium
B3GNT3,B3GNT3,ENSG00000179913,492.0,23.0,60.37460203252034,3.3581130434782613,5.293148907248705,1.916309257299809,3.8158662410972433,3.8158662410972433,6.08136933287511e-19,1.0647764104009058e-17,16.972741579008026,FDR Up-regulated,318.0,699.0,0.1968193170394889,-0.018695425575942823,0.21551474261543174,0.0011739963986058023,0.00842904154973377,392.0,113.94099999999999,1.0,6.214179869336085e-05,0.0,none,1.0,True,validated,1.0,0.3248278060217103,4.901727914049078,3,18.21599862027441,0.6666666666666666,0.6666666666666666,0.02923822797091284,1.0,1.0,0.5764324101536007,0.5764324101536007,84,medium
MFAP4,MFAP4,ENSG00000166482,492.0,24.0,132.67177581300814,889.1331249999998,6.337978495624019,9.648490807735026,-2.7353262372250113,2.7353262372250113,6.082961908392519e-22,1.718003697443991e-20,19.7649759058262,FDR Down-regulated,337.0,766.0,-0.3834778470669815,-0.002668622969093492,-0.38080922409788803,1.3252050866846118e-07,6.870631045217648e-06,693.0,163.97999999999996,1.0,3.646035197566931e-05,0.0,none,1.0,True,validated,1.0,0.4512792344573375,4.1508342825708775,3,21.215884903087748,0.6666666666666666,0.6666666666666666,0.02900666570308906,1.0,1.0,0.5763814664546795,0.5763814664546795,85,medium
S100A2,S100A2,ENSG00000196754,491.0,24.0,106.19937556008145,13.308291666666667,4.897360576471972,3.133037532345382,2.9053731646695407,2.9053731646695407,9.13801084707914e-08,2.7323284428551407e-07,6.563467096957525,FDR Up-regulated,335.0,720.0,0.2500971435569227,0.01376082675675813,0.23633631680016456,0.0007850451250003056,0.0061295395227856375,934.0,209.298,1.0,2.865554532632327e-05,2.369578404610252e-06,none,1.0,True,validated,1.0,0.5600064686236591,2.931898119568487,3,7.039148330760089,0.6653116531165312,0.6653116531165312,0.03262013587336056,1.0,1.0,0.576322771355554,0.576322771355554,86,medium
CLIC5,CLIC5,ENSG00000112782,492.0,24.0,11.58895711382114,138.81973333333335,2.8087178986435033,7.054695168244474,-3.473337310243149,3.473337310243149,3.306027681436361e-35,5.3598973785287004e-33,32.27084352530077,FDR Down-regulated,318.0,699.0,-0.4052876654815415,-0.008583822022770093,-0.3967038434587714,6.774355376372485e-09,7.516147290085272e-07,504.0,123.38400000000003,1.0,5.05464101703936e-05,0.0,none,1.0,True,validated,1.0,0.5403669423600933,6.141805825348441,3,34.480693514392904,0.6666666666666666,0.6666666666666666,0.027529073868754007,1.0,1.0,0.5760563962511258,0.5760563962511258,87,medium
ASPM,ASPM,ENSG00000066279,492.0,23.0,6.708352439024391,0.5487391304347825,2.535090456972497,0.6113274319214846,2.315328378531421,2.315328378531421,4.838992548103853e-44,1.6997969448662305e-41,40.76960295567536,FDR Up-regulated,277.0,626.0,0.4381449822532282,0.009118329116943689,0.42902665313628446,1.2132628205231423e-10,4.202122899327367e-08,1319.0,412.33400000000006,1.0,0.00016477813403227302,0.003350583864118896,none,1.0,True,validated,1.0,4.261324252698541,5.124156574346397,3,43.315245046690684,0.6666666666666666,0.637119207231694,0.10462424385280669,1.0,1.0,0.5758798071753333,0.5758798071753333,88,medium
FCN3,FCN3,ENSG00000142748,492.0,24.0,15.868432723577238,373.8061666666667,3.1815646394288084,7.765208568767981,-4.473746848206145,4.473746848206145,3.9819428017082156e-11,1.9404490629942838e-10,9.71209775305324,FDR Down-regulated,318.0,698.0,-0.22160180515548178,0.00581456356655865,-0.22741636872204044,0.000496241377177509,0.004274687950143216,443.0,125.35600000000001,1.0,4.614051225356262e-05,0.0,none,1.0,True,validated,1.0,0.2357292958156852,4.799383808549708,3,10.399904982651378,0.6666666666666666,0.6666666666666666,0.026682451456753953,1.0,1.0,0.5758701393204858,0.5758701393204858,89,medium
SPAG4,SPAG4,ENSG00000061656,492.0,24.0,22.460698780487803,3.1040833333333335,4.23241500272625,1.988918876597347,2.5151140546478556,2.5151140546478556,4.805393401237265e-26,2.4331452894372832e-24,23.613831957441164,FDR Up-regulated,275.0,584.0,0.3499387349378826,0.0009007977986746557,0.34903793713920794,2.4540829362392714e-06,6.657224982292107e-05,618.0,142.87899999999996,1.0,3.644236084401721e-05,0.0,none,1.0,True,validated,1.0,0.3552706850650221,4.351801393167118,3,25.31827105232576,0.6666666666666666,0.6666666666666666,0.026427425219449248,1.0,1.0,0.5758140335482788,0.5758140335482788,90,medium
MMP11,MMP11,ENSG00000099953,492.0,24.0,100.70699796747967,4.605358333333333,5.2154820748249575,1.4428575593472266,4.18146853422619,4.18146853422619,7.489485344224461e-14,5.614949417028397e-13,12.250654151780866,FDR Up-regulated,337.0,766.0,0.34885895085869595,0.007346757899409928,0.34151219295928603,3.619549960885026e-06,8.982787440119192e-05,603.0,142.87499999999997,1.0,3.347823953663888e-05,0.0,none,1.0,True,validated,1.0,0.3290546421736282,4.777506319596794,3,13.125548024736151,0.6666666666666666,0.6666666666666666,0.025695475714807486,1.0,1.0,0.5756530046572575,0.5756530046572575,91,medium
DES,DES,ENSG00000175084,487.0,24.0,12.598154620123202,96.84509999999999,2.8643977602804522,6.457032720990791,-2.8470887243710066,2.8470887243710066,1.5187927938429584e-21,3.897772495736092e-20,19.409183513276336,FDR Down-regulated,318.0,662.0,-0.36857426607887606,-0.0019918145073593236,-0.36658245157151675,4.203140845604374e-08,2.8609722504282536e-06,1031.0,256.629,1.0,5.2659594640234966e-05,4.739156809220504e-06,none,1.0,True,validated,1.0,1.164267130023321,4.119851353881414,3,20.818501472107474,0.6598915989159891,0.6598915989159891,0.044328764895039674,1.0,1.0,0.5754840355939819,0.5754840355939819,92,medium
TFPI2,TFPI2,ENSG00000105825,491.0,24.0,253.17360835030559,16.229345833333333,5.03963248460605,3.449915739959682,3.8828744072999233,3.8828744072999233,9.165666962321248e-07,2.3937780460300274e-06,5.620916120367834,FDR Up-regulated,296.0,693.0,0.2263257973001502,0.0013219695880976848,0.22500382771205252,0.000931959854430084,0.007058085040888589,921.0,208.928,1.0,1.1178001768876326e-05,0.0,none,1.0,True,validated,1.0,0.49207363124529874,3.7919795174966926,3,6.037835927044737,0.6653116531165312,0.6653116531165312,0.028252371666737566,1.0,1.0,0.5753618632300969,0.5753618632300969,93,medium
LYPD3,LYPD3,ENSG00000124466,492.0,24.0,26.654444512195123,2.438825,3.4772062352690494,1.7180780189141747,3.007523758444237,3.007523758444237,7.161353632819687e-24,2.665509571809553e-22,21.574219753590487,FDR Up-regulated,318.0,697.0,0.2881246450351282,0.005275712366559285,0.2828489326685689,0.00013989719657283523,0.0016424967153181025,481.0,124.28799999999995,1.0,3.270808902405307e-05,0.0,none,1.0,True,validated,1.0,0.17195467392691258,4.6384956066617145,3,23.14500487996857,0.6666666666666666,0.6666666666666666,0.023237388584021433,1.0,1.0,0.5751122254884846,0.5751122254884846,94,medium
CLEC3B,CLEC3B,ENSG00000163815,492.0,24.0,14.358286178861785,185.36117499999997,3.2767540301367193,7.385834598257747,-3.6010121909694286,3.6010121909694286,1.1271845435016335e-22,3.54579451268303e-21,20.450286436415222,FDR Down-regulated,335.0,720.0,-0.2738822362580295,-0.0030774293713168137,-0.27080480688671266,7.680765039536292e-05,0.0010520751618969774,666.0,159.12199999999996,1.0,1.4847751594205547e-05,0.0,none,1.0,True,validated,1.0,0.33627587107614804,5.080789024953688,3,21.948004975113367,0.6666666666666666,0.6666666666666666,0.023080500172222518,1.0,1.0,0.5750777100378889,0.5750777100378889,95,medium
FHL1,FHL1,ENSG00000022267,492.0,24.0,19.335860772357723,203.76284166666665,3.7117491034293857,7.585396914563343,-3.331855969756742,3.331855969756742,3.7772549152020396e-27,2.274581968757914e-25,24.64309840794908,FDR Down-regulated,337.0,766.0,-0.31874172869271417,0.008422473637787163,-0.3271642023305013,1.834727486031888e-07,8.553067839295712e-06,548.0,130.72100000000003,1.0,2.706611024273426e-05,7.1087352138307555e-06,none,1.0,True,validated,1.0,0.28425723460845403,5.257705069147717,3,26.422823704997775,0.6666666666666666,0.6666666666666666,0.022659034748808267,1.0,1.0,0.5749849876447377,0.5749849876447377,96,medium
FMO2,FMO2,ENSG00000094963,490.0,24.0,15.39732612244898,155.39144583333334,3.53224867485414,7.118580341319301,-3.253629121610099,3.253629121610099,1.1211042732290982e-19,2.2012788983597585e-18,17.65732492957513,FDR Down-regulated,337.0,765.0,-0.34605321460140964,-0.0038918926290790338,-0.3421613219723306,1.6259434641922892e-07,7.74242177476972e-06,963.0,205.36500000000004,1.0,1.4322089572624406e-05,0.0,none,1.0,True,validated,1.0,0.6518495884319796,4.416515882068361,3,18.95035399205983,0.6639566395663956,0.6639566395663956,0.028593476884303696,1.0,1.0,0.574583247841376,0.574583247841376,97,medium
P2RY6,P2RY6,ENSG00000171631,492.0,24.0,19.92765975609756,2.3216708333333336,3.762884387954691,1.6308187250626613,2.655429971507314,2.655429971507314,9.188798035213502e-20,1.848834411357218e-18,17.733101984164886,FDR Up-regulated,335.0,722.0,0.38229506593701473,-0.006656938113970037,0.3889520040509848,5.198929851243375e-09,6.590907215814167e-07,409.0,105.245,1.0,2.9102145296384062e-05,0.0,none,1.0,True,validated,1.0,-0.07009712643308223,3.9337744753230766,3,19.036741293925527,0.6666666666666666,0.6666666666666666,0.02002386544115266,1.0,1.0,0.5744052503970535,0.5744052503970535,98,medium
CYP4B1,CYP4B1,ENSG00000142973,491.0,24.0,100.63091466395115,572.3839583333332,4.8898649028770516,8.999852559959708,-2.4961622266319505,2.4961622266319505,1.0757338458045185e-25,5.152826242644882e-24,23.287954502043643,FDR Down-regulated,337.0,765.0,-0.4265050043293913,-0.0027860491874390375,-0.4237189551419523,1.567079131680939e-10,4.597452719172915e-08,816.0,189.39499999999995,1.0,9.117064070845642e-06,0.0,none,1.0,True,validated,1.0,0.43465537371823093,4.303864121548518,3,24.96829516695643,0.6653116531165312,0.6646988574340231,0.02536032125356152,1.0,1.0,0.5743701906433435,0.5743701906433435,99,medium
LAMP3,LAMP3,ENSG00000078081,492.0,24.0,95.04481666666668,623.7335041666666,5.775835878267987,9.18864864811984,-2.7014612411022387,2.7014612411022387,6.060464326721558e-27,3.4995030483853484e-25,24.45599362384042,FDR Down-regulated,318.0,698.0,-0.34437827496246126,-0.007031869510839824,-0.3373464054516214,1.6287443815281328e-06,4.884032138663414e-05,493.0,125.489,1.0,1.6119097132378756e-05,0.0,none,1.0,True,validated,1.0,0.05864252581022307,4.667284570959976,3,26.21749410078292,0.6666666666666666,0.6666666666666666,0.019290243209612104,1.0,1.0,0.5742438535061146,0.5742438535061146,100,medium
